{
	"credit": "Made with Blockbench",
	"textures": {
		"0": "item/potion",
		"particle": "item/potion"
	},
	"elements": [
		{
			"from": [0, 0, 7.5],
			"to": [16, 16, 8.5],
			"rotation": {"angle": 0, "axis": "y", "origin": [8, 8, 8]},
			"faces": {
				"north": {"uv": [2.66667, 0, 0, 2.66667], "texture": "#0", "tintindex": 0},
				"east": {"uv": [2.5, 0, 2.66667, 2.66667], "texture": "#0", "tintindex": 0},
				"south": {"uv": [0, 0, 2.66667, 2.66667], "texture": "#0", "tintindex": 0},
				"west": {"uv": [0, 0, 0.16667, 2.66667], "texture": "#0", "tintindex": 0},
				"up": {"uv": [0, 0, 2.66667, 0.16667], "texture": "#0", "tintindex": 0},
				"down": {"uv": [0, 2.5, 2.66667, 2.66667], "texture": "#0", "tintindex": 0}
			}
		},
		{
			"from": [0, 15, 7.5],
			"to": [16, 15, 8.5],
			"rotation": {"angle": 0, "axis": "y", "origin": [8, 8, 8]},
			"faces": {
				"up": {"uv": [0, 0.16667, 2.66667, 0.33333], "texture": "#0", "tintindex": 0},
				"down": {"uv": [0, 0, 2.66667, 0.16667], "texture": "#0", "tintindex": 0}
			}
		},
		{
			"from": [0, 1, 7.5],
			"to": [16, 1, 8.5],
			"rotation": {"angle": 0, "axis": "y", "origin": [8, 8, 8]},
			"faces": {
				"up": {"uv": [0, 2.5, 2.66667, 2.66667], "texture": "#0", "tintindex": 0},
				"down": {"uv": [0, 2.33333, 2.66667, 2.5], "texture": "#0", "tintindex": 0}
			}
		},
		{
			"from": [0, 2, 7.5],
			"to": [16, 2, 8.5],
			"rotation": {"angle": 0, "axis": "y", "origin": [8, 8, 8]},
			"faces": {
				"up": {"uv": [0, 2.33333, 2.66667, 2.5], "texture": "#0", "tintindex": 0},
				"down": {"uv": [0, 2.16667, 2.66667, 2.33333], "texture": "#0", "tintindex": 0}
			}
		},
		{
			"from": [0, 3, 7.5],
			"to": [16, 3, 8.5],
			"rotation": {"angle": 0, "axis": "y", "origin": [8, 8, 8]},
			"faces": {
				"up": {"uv": [0, 2.16667, 2.66667, 2.33333], "texture": "#0", "tintindex": 0},
				"down": {"uv": [0, 2, 2.66667, 2.16667], "texture": "#0", "tintindex": 0}
			}
		},
		{
			"from": [0, 4, 7.5],
			"to": [16, 4, 8.5],
			"rotation": {"angle": 0, "axis": "y", "origin": [8, 8, 8]},
			"faces": {
				"up": {"uv": [0, 2, 2.66667, 2.16667], "texture": "#0", "tintindex": 0},
				"down": {"uv": [0, 1.83333, 2.66667, 2], "texture": "#0", "tintindex": 0}
			}
		},
		{
			"from": [0, 5, 7.5],
			"to": [16, 5, 8.5],
			"rotation": {"angle": 0, "axis": "y", "origin": [8, 8, 8]},
			"faces": {
				"up": {"uv": [0, 1.83333, 2.66667, 2], "texture": "#0", "tintindex": 0},
				"down": {"uv": [0, 1.66667, 2.66667, 1.83333], "texture": "#0", "tintindex": 0}
			}
		},
		{
			"from": [0, 6, 7.5],
			"to": [16, 6, 8.5],
			"rotation": {"angle": 0, "axis": "y", "origin": [8, 8, 8]},
			"faces": {
				"up": {"uv": [0, 1.66667, 2.66667, 1.83333], "texture": "#0", "tintindex": 0},
				"down": {"uv": [0, 1.5, 2.66667, 1.66667], "texture": "#0", "tintindex": 0}
			}
		},
		{
			"from": [0, 7, 7.5],
			"to": [16, 7, 8.5],
			"rotation": {"angle": 0, "axis": "y", "origin": [8, 8, 8]},
			"faces": {
				"up": {"uv": [0, 1.5, 2.66667, 1.66667], "texture": "#0", "tintindex": 0},
				"down": {"uv": [0, 1.33333, 2.66667, 1.5], "texture": "#0", "tintindex": 0}
			}
		},
		{
			"from": [0, 8, 7.5],
			"to": [16, 8, 8.5],
			"rotation": {"angle": 0, "axis": "y", "origin": [8, 8, 8]},
			"faces": {
				"up": {"uv": [0, 1.33333, 2.66667, 1.5], "texture": "#0", "tintindex": 0},
				"down": {"uv": [0, 1.16667, 2.66667, 1.33333], "texture": "#0", "tintindex": 0}
			}
		},
		{
			"from": [0, 9, 7.5],
			"to": [16, 9, 8.5],
			"rotation": {"angle": 0, "axis": "y", "origin": [8, 8, 8]},
			"faces": {
				"up": {"uv": [0, 1.16667, 2.66667, 1.33333], "texture": "#0", "tintindex": 0},
				"down": {"uv": [0, 1, 2.66667, 1.16667], "texture": "#0", "tintindex": 0}
			}
		},
		{
			"from": [0, 10, 7.5],
			"to": [16, 10, 8.5],
			"rotation": {"angle": 0, "axis": "y", "origin": [8, 8, 8]},
			"faces": {
				"up": {"uv": [0, 1, 2.66667, 1.16667], "texture": "#0", "tintindex": 0},
				"down": {"uv": [0, 0.83333, 2.66667, 1], "texture": "#0", "tintindex": 0}
			}
		},
		{
			"from": [0, 11, 7.5],
			"to": [16, 11, 8.5],
			"rotation": {"angle": 0, "axis": "y", "origin": [8, 8, 8]},
			"faces": {
				"up": {"uv": [0, 0.83333, 2.66667, 1], "texture": "#0", "tintindex": 0},
				"down": {"uv": [0, 0.66667, 2.66667, 0.83333], "texture": "#0", "tintindex": 0}
			}
		},
		{
			"from": [0, 12, 7.5],
			"to": [16, 12, 8.5],
			"rotation": {"angle": 0, "axis": "y", "origin": [8, 8, 8]},
			"faces": {
				"up": {"uv": [0, 0.66667, 2.66667, 0.83333], "texture": "#0", "tintindex": 0},
				"down": {"uv": [0, 0.5, 2.66667, 0.66667], "texture": "#0", "tintindex": 0}
			}
		},
		{
			"from": [0, 13, 7.5],
			"to": [16, 13, 8.5],
			"rotation": {"angle": 0, "axis": "y", "origin": [8, 8, 8]},
			"faces": {
				"up": {"uv": [0, 0.5, 2.66667, 0.66667], "texture": "#0", "tintindex": 0},
				"down": {"uv": [0, 0.33333, 2.66667, 0.5], "texture": "#0", "tintindex": 0}
			}
		},
		{
			"from": [0, 14, 7.5],
			"to": [16, 14, 8.5],
			"rotation": {"angle": 0, "axis": "y", "origin": [8, 8, 8]},
			"faces": {
				"up": {"uv": [0, 0.33333, 2.66667, 0.5], "texture": "#0", "tintindex": 0},
				"down": {"uv": [0, 0.16667, 2.66667, 0.33333], "texture": "#0", "tintindex": 0}
			}
		},
		{
			"from": [1, 0, 7.5],
			"to": [1, 16, 8.5],
			"rotation": {"angle": 0, "axis": "y", "origin": [8, 8, 8]},
			"faces": {
				"north": {"uv": [0, 0, 2.66667, 0], "rotation": 90, "texture": "#0", "tintindex": 0},
				"east": {"uv": [0, 0, 0.16667, 2.66667], "texture": "#0", "tintindex": 0},
				"west": {"uv": [0.16667, 2.66667, 0.33333, 0], "rotation": 180, "texture": "#0", "tintindex": 0}
			}
		},
		{
			"from": [15, 0, 7.5],
			"to": [15, 16, 8.5],
			"rotation": {"angle": 0, "axis": "y", "origin": [8, 8, 8]},
			"faces": {
				"north": {"uv": [0, 0, 2.66667, 0], "rotation": 90, "texture": "#0", "tintindex": 0},
				"east": {"uv": [2.33333, 0, 2.5, 2.66667], "texture": "#0", "tintindex": 0},
				"west": {"uv": [2.5, 2.66667, 2.66667, 0], "rotation": 180, "texture": "#0", "tintindex": 0}
			}
		},
		{
			"from": [14, 0, 7.5],
			"to": [14, 16, 8.5],
			"rotation": {"angle": 0, "axis": "y", "origin": [8, 8, 8]},
			"faces": {
				"north": {"uv": [0, 0, 2.66667, 0], "rotation": 90, "texture": "#0", "tintindex": 0},
				"east": {"uv": [2.16667, 0, 2.33333, 2.66667], "texture": "#0", "tintindex": 0},
				"west": {"uv": [2.33333, 2.66667, 2.5, 0], "rotation": 180, "texture": "#0", "tintindex": 0}
			}
		},
		{
			"from": [13, 0, 7.5],
			"to": [13, 16, 8.5],
			"rotation": {"angle": 0, "axis": "y", "origin": [8, 8, 8]},
			"faces": {
				"north": {"uv": [0, 0, 2.66667, 0], "rotation": 90, "texture": "#0", "tintindex": 0},
				"east": {"uv": [2, 0, 2.16667, 2.66667], "texture": "#0", "tintindex": 0},
				"west": {"uv": [2.16667, 2.66667, 2.33333, 0], "rotation": 180, "texture": "#0", "tintindex": 0}
			}
		},
		{
			"from": [12, 0, 7.5],
			"to": [12, 16, 8.5],
			"rotation": {"angle": 0, "axis": "y", "origin": [8, 8, 8]},
			"faces": {
				"north": {"uv": [0, 0, 2.66667, 0], "rotation": 90, "texture": "#0", "tintindex": 0},
				"east": {"uv": [1.83333, 0, 2, 2.66667], "texture": "#0", "tintindex": 0},
				"west": {"uv": [2, 2.66667, 2.16667, 0], "rotation": 180, "texture": "#0", "tintindex": 0}
			}
		},
		{
			"from": [11, 0, 7.5],
			"to": [11, 16, 8.5],
			"rotation": {"angle": 0, "axis": "y", "origin": [8, 8, 8]},
			"faces": {
				"north": {"uv": [0, 0, 2.66667, 0], "rotation": 90, "texture": "#0", "tintindex": 0},
				"east": {"uv": [1.66667, 0, 1.83333, 2.66667], "texture": "#0", "tintindex": 0},
				"west": {"uv": [1.83333, 2.66667, 2, 0], "rotation": 180, "texture": "#0", "tintindex": 0}
			}
		},
		{
			"from": [10, 0, 7.5],
			"to": [10, 16, 8.5],
			"rotation": {"angle": 0, "axis": "y", "origin": [8, 8, 8]},
			"faces": {
				"north": {"uv": [0, 0, 2.66667, 0], "rotation": 90, "texture": "#0", "tintindex": 0},
				"east": {"uv": [1.5, 0, 1.66667, 2.66667], "texture": "#0", "tintindex": 0},
				"west": {"uv": [1.66667, 2.66667, 1.83333, 0], "rotation": 180, "texture": "#0", "tintindex": 0}
			}
		},
		{
			"from": [9, 0, 7.5],
			"to": [9, 16, 8.5],
			"rotation": {"angle": 0, "axis": "y", "origin": [8, 8, 8]},
			"faces": {
				"north": {"uv": [0, 0, 2.66667, 0], "rotation": 90, "texture": "#0", "tintindex": 0},
				"east": {"uv": [1.33333, 0, 1.5, 2.66667], "texture": "#0", "tintindex": 0},
				"west": {"uv": [1.5, 2.66667, 1.66667, 0], "rotation": 180, "texture": "#0", "tintindex": 0}
			}
		},
		{
			"from": [8, 0, 7.5],
			"to": [8, 16, 8.5],
			"rotation": {"angle": 0, "axis": "y", "origin": [8, 8, 8]},
			"faces": {
				"north": {"uv": [0, 0, 2.66667, 0], "rotation": 90, "texture": "#0", "tintindex": 0},
				"east": {"uv": [1.16667, 0, 1.33333, 2.66667], "texture": "#0", "tintindex": 0},
				"west": {"uv": [1.33333, 2.66667, 1.5, 0], "rotation": 180, "texture": "#0", "tintindex": 0}
			}
		},
		{
			"from": [7, 0, 7.5],
			"to": [7, 16, 8.5],
			"rotation": {"angle": 0, "axis": "y", "origin": [8, 8, 8]},
			"faces": {
				"north": {"uv": [0, 0, 2.66667, 0], "rotation": 90, "texture": "#0", "tintindex": 0},
				"east": {"uv": [1, 0, 1.16667, 2.66667], "texture": "#0", "tintindex": 0},
				"west": {"uv": [1.16667, 2.66667, 1.33333, 0], "rotation": 180, "texture": "#0", "tintindex": 0}
			}
		},
		{
			"from": [6, 0, 7.5],
			"to": [6, 16, 8.5],
			"rotation": {"angle": 0, "axis": "y", "origin": [8, 8, 8]},
			"faces": {
				"north": {"uv": [0, 0, 2.66667, 0], "rotation": 90, "texture": "#0", "tintindex": 0},
				"east": {"uv": [0.83333, 0, 1, 2.66667], "texture": "#0", "tintindex": 0},
				"west": {"uv": [1, 2.66667, 1.16667, 0], "rotation": 180, "texture": "#0", "tintindex": 0}
			}
		},
		{
			"from": [5, 0, 7.5],
			"to": [5, 16, 8.5],
			"rotation": {"angle": 0, "axis": "y", "origin": [8, 8, 8]},
			"faces": {
				"north": {"uv": [0, 0, 2.66667, 0], "rotation": 90, "texture": "#0", "tintindex": 0},
				"east": {"uv": [0.66667, 0, 0.83333, 2.66667], "texture": "#0", "tintindex": 0},
				"west": {"uv": [0.83333, 2.66667, 1, 0], "rotation": 180, "texture": "#0", "tintindex": 0}
			}
		},
		{
			"from": [4, 0, 7.5],
			"to": [4, 16, 8.5],
			"rotation": {"angle": 0, "axis": "y", "origin": [8, 8, 8]},
			"faces": {
				"north": {"uv": [0, 0, 2.66667, 0], "rotation": 90, "texture": "#0", "tintindex": 0},
				"east": {"uv": [0.5, 0, 0.66667, 2.66667], "texture": "#0", "tintindex": 0},
				"west": {"uv": [0.66667, 2.66667, 0.83333, 0], "rotation": 180, "texture": "#0", "tintindex": 0}
			}
		},
		{
			"from": [3, 0, 7.5],
			"to": [3, 16, 8.5],
			"rotation": {"angle": 0, "axis": "y", "origin": [8, 8, 8]},
			"faces": {
				"north": {"uv": [0, 0, 2.66667, 0], "rotation": 90, "texture": "#0", "tintindex": 0},
				"east": {"uv": [0.33333, 0, 0.5, 2.66667], "texture": "#0", "tintindex": 0},
				"west": {"uv": [0.5, 2.66667, 0.66667, 0], "rotation": 180, "texture": "#0", "tintindex": 0}
			}
		},
		{
			"from": [2, 0, 7.5],
			"to": [2, 16, 8.5],
			"rotation": {"angle": 0, "axis": "y", "origin": [8, 8, 8]},
			"faces": {
				"north": {"uv": [0, 0, 2.66667, 0], "rotation": 90, "texture": "#0", "tintindex": 0},
				"east": {"uv": [0.16667, 0, 0.33333, 2.66667], "texture": "#0", "tintindex": 0},
				"west": {"uv": [0.33333, 2.66667, 0.5, 0], "rotation": 180, "texture": "#0", "tintindex": 0}
			}
		}
	],
	"gui_light": "front",
	"display": {
		"thirdperson_righthand": {
			"translation": [0, 3, 1],
			"scale": [0.55, 0.55, 0.55]
		},
		"thirdperson_lefthand": {
			"translation": [0, 3, 1],
			"scale": [0.55, 0.55, 0.55]
		},
		"firstperson_righthand": {
			"rotation": [0, -90, 25],
			"translation": [1.13, 3.2, 1.13],
			"scale": [0.68, 0.68, 0.68]
		},
		"firstperson_lefthand": {
			"rotation": [0, -90, 25],
			"translation": [1.13, 3.2, 1.13],
			"scale": [0.68, 0.68, 0.68]
		},
		"ground": {
			"translation": [0, 2, 0],
			"scale": [0.5, 0.5, 0.5]
		},
		"head": {
			"rotation": [0, 180, 0],
			"translation": [0, 13, 7]
		},
		"fixed": {
			"rotation": [0, 180, 0]
		}
	}
}