{
	"credit": "Made with Blockbench",
	"textures": {
		"6": "block/bookshelf_books_north",
		"7": "block/bookshelf_books_east",
		"8": "block/bookshelf_books_south",
		"9": "block/bookshelf_books_west",
		"particle": "block/oak_planks",
		"planks": "block/oak_planks",
		"base": "block/bookshelf_base",
		"north": "block/bookshelf_inner_north",
		"east": "block/bookshelf_inner_east",
		"south": "block/bookshelf_inner_south",
		"west": "block/bookshelf_inner_west"
	},
	"elements": [
		{
			"from": [0, 0, 0],
			"to": [16, 1, 16],
			"faces": {
				"north": {"uv": [0, 15, 16, 16], "texture": "#base", "cullface": "north"},
				"east": {"uv": [0, 15, 16, 16], "texture": "#base", "cullface": "east"},
				"south": {"uv": [0, 15, 16, 16], "texture": "#base", "cullface": "south"},
				"west": {"uv": [0, 15, 16, 16], "texture": "#base", "cullface": "west"},
				"down": {"uv": [0, 0, 16, 16], "texture": "#planks", "cullface": "down"}
			}
		},
		{
			"from": [0, 15, 0],
			"to": [16, 16, 16],
			"rotation": {"angle": 0, "axis": "y", "origin": [0, 15, 0]},
			"faces": {
				"north": {"uv": [0, 0, 16, 1], "texture": "#base", "cullface": "north"},
				"east": {"uv": [0, 0, 16, 1], "texture": "#base", "cullface": "east"},
				"south": {"uv": [0, 0, 16, 1], "texture": "#base", "cullface": "south"},
				"west": {"uv": [0, 0, 16, 1], "texture": "#base", "cullface": "west"},
				"up": {"uv": [0, 0, 16, 16], "texture": "#planks", "cullface": "up"}
			}
		},
		{
			"from": [0, 1, 0],
			"to": [1, 15, 1],
			"rotation": {"angle": 0, "axis": "y", "origin": [0, 1, 0]},
			"faces": {
				"north": {"uv": [0, 1, 1, 15], "texture": "#base", "cullface": "north"},
				"east": {"uv": [0, 1, 1, 15], "texture": "#base", "cullface": "north"},
				"south": {"uv": [0, 1, 1, 15], "texture": "#base", "cullface": "west"},
				"west": {"uv": [0, 1, 1, 15], "texture": "#base", "cullface": "west"}
			}
		},
		{
			"from": [0, 1, 15],
			"to": [1, 15, 16],
			"rotation": {"angle": 0, "axis": "y", "origin": [0, 1, 15]},
			"faces": {
				"north": {"uv": [0, 1, 1, 15], "texture": "#base", "cullface": "west"},
				"east": {"uv": [0, 1, 1, 15], "texture": "#base", "cullface": "south"},
				"south": {"uv": [0, 1, 1, 15], "texture": "#base", "cullface": "south"},
				"west": {"uv": [0, 1, 1, 15], "texture": "#base", "cullface": "west"}
			}
		},
		{
			"from": [15, 1, 15],
			"to": [16, 15, 16],
			"rotation": {"angle": 0, "axis": "y", "origin": [15, 1, 15]},
			"faces": {
				"north": {"uv": [0, 1, 1, 15], "texture": "#base", "cullface": "east"},
				"east": {"uv": [0, 1, 1, 15], "texture": "#base", "cullface": "east"},
				"south": {"uv": [0, 1, 1, 15], "texture": "#base", "cullface": "south"},
				"west": {"uv": [0, 1, 1, 15], "texture": "#base", "cullface": "south"}
			}
		},
		{
			"from": [15, 1, 0],
			"to": [16, 15, 1],
			"rotation": {"angle": 0, "axis": "y", "origin": [15, 1, 0]},
			"faces": {
				"north": {"uv": [0, 1, 1, 15], "texture": "#base", "cullface": "north"},
				"east": {"uv": [0, 1, 1, 15], "texture": "#base", "cullface": "east"},
				"south": {"uv": [0, 1, 1, 15], "texture": "#base", "cullface": "east"},
				"west": {"uv": [0, 1, 1, 15], "texture": "#base", "cullface": "north"}
			}
		},
		{
			"from": [1, 15, 0],
			"to": [15, 15, 8],
			"faces": {
				"down": {"uv": [1, 16, 15, 8], "texture": "#north", "cullface": "north"}
			}
		},
		{
			"from": [1, 1, 0],
			"to": [15, 1, 8],
			"faces": {
				"up": {"uv": [1, 0, 15, 8], "texture": "#north", "cullface": "north"}
			}
		},
		{
			"from": [1.001, 1, 0],
			"to": [1.001, 15, 8],
			"rotation": {"angle": 0, "axis": "y", "origin": [8, 8, 8]},
			"faces": {
				"east": {"uv": [8, 1, 16, 15], "texture": "#north", "cullface": "north"}
			}
		},
		{
			"from": [14.999, 1, 0],
			"to": [14.999, 15, 8],
			"rotation": {"angle": 0, "axis": "y", "origin": [8, 8, 8]},
			"faces": {
				"west": {"uv": [0, 1, 8, 15], "texture": "#north", "cullface": "north"}
			}
		},
		{
			"from": [1, 1, 8],
			"to": [15, 15, 8],
			"rotation": {"angle": 0, "axis": "y", "origin": [8, 8, 8]},
			"faces": {
				"north": {"uv": [1, 1, 15, 15], "texture": "#north", "cullface": "north"}
			}
		},
		{
			"from": [1, 7, 0.001],
			"to": [15, 9, 8.001],
			"rotation": {"angle": 0, "axis": "y", "origin": [8, 8, 8]},
			"faces": {
				"north": {"uv": [1, 7, 15, 9], "texture": "#base", "cullface": "north"},
				"up": {"uv": [1, 8, 15, 16], "texture": "#north", "cullface": "north"},
				"down": {"uv": [1, 16, 15, 8], "texture": "#north", "cullface": "north"}
			}
		},
		{
			"from": [1, 1, 2],
			"to": [3, 5, 8],
			"faces": {
				"north": {"uv": [10, 8, 12, 12], "texture": "#6", "cullface": "north"},
				"up": {"uv": [4, 13, 10, 15], "rotation": 90, "texture": "#6", "cullface": "north"}
			}
		},
		{
			"from": [12, 9, 2],
			"to": [15, 13, 8],
			"rotation": {"angle": 0, "axis": "y", "origin": [11, 8, 0]},
			"faces": {
				"north": {"uv": [0, 2, 3, 6], "texture": "#6", "cullface": "north"},
				"up": {"uv": [4, 12, 10, 15], "rotation": 90, "texture": "#6", "cullface": "north"}
			}
		},
		{
			"from": [3, 1, 1],
			"to": [5, 6, 8],
			"faces": {
				"north": {"uv": [8, 7, 10, 12], "texture": "#6", "cullface": "north"},
				"east": {"uv": [10, 7, 8, 12], "texture": "#6", "cullface": "north"},
				"west": {"uv": [10, 7, 8, 12], "texture": "#6", "cullface": "north"},
				"up": {"uv": [0, 13, 6, 15], "rotation": 90, "texture": "#6", "cullface": "north"}
			}
		},
		{
			"from": [5, 9, 1],
			"to": [7, 14, 8],
			"rotation": {"angle": 0, "axis": "y", "origin": [2, 8, 0]},
			"faces": {
				"north": {"uv": [7, 1, 9, 6], "texture": "#6", "cullface": "north"},
				"east": {"uv": [9, 1, 7, 6], "texture": "#6", "cullface": "north"},
				"west": {"uv": [9, 1, 7, 6], "texture": "#6", "cullface": "north"},
				"up": {"uv": [0, 13, 6, 15], "rotation": 90, "texture": "#6", "cullface": "north"}
			}
		},
		{
			"from": [10, 9, 1],
			"to": [12, 14, 8],
			"rotation": {"angle": 0, "axis": "y", "origin": [7, 8, 0]},
			"faces": {
				"north": {"uv": [3, 1, 5, 6], "texture": "#6", "cullface": "north"},
				"east": {"uv": [5, 1, 3, 6], "texture": "#6", "cullface": "north"},
				"west": {"uv": [5, 1, 3, 6], "texture": "#6", "cullface": "north"},
				"up": {"uv": [0, 13, 6, 15], "rotation": 90, "texture": "#6", "cullface": "north"}
			}
		},
		{
			"from": [9, 9, 2],
			"to": [10, 12, 8],
			"rotation": {"angle": 0, "axis": "y", "origin": [6, 8, 0]},
			"faces": {
				"north": {"uv": [5, 3, 6, 6], "texture": "#6", "cullface": "north"},
				"east": {"uv": [6, 3, 5, 6], "texture": "#6", "cullface": "north"},
				"west": {"uv": [6, 3, 5, 6], "texture": "#6", "cullface": "north"},
				"up": {"uv": [3, 14, 9, 15], "rotation": 90, "texture": "#6", "cullface": "north"}
			}
		},
		{
			"from": [8, 1, 0.001],
			"to": [10, 7, 8.001],
			"rotation": {"angle": 0, "axis": "y", "origin": [5, 0, 0]},
			"faces": {
				"north": {"uv": [5, 6, 7, 12], "texture": "#6", "cullface": "north"},
				"east": {"uv": [7, 6, 5, 12], "texture": "#6", "cullface": "north"},
				"west": {"uv": [7, 6, 5, 12], "texture": "#6", "cullface": "north"}
			}
		},
		{
			"from": [2, 9, 0.001],
			"to": [4, 15, 8.001],
			"rotation": {"angle": 0, "axis": "y", "origin": [-1, 8, 0]},
			"faces": {
				"north": {"uv": [10, 0, 12, 6], "texture": "#6", "cullface": "north"},
				"east": {"uv": [12, 0, 10, 6], "texture": "#6", "cullface": "north"},
				"west": {"uv": [12, 0, 10, 6], "texture": "#6", "cullface": "north"}
			}
		},
		{
			"from": [12, 1, 2],
			"to": [13, 5, 8],
			"rotation": {"angle": 0, "axis": "y", "origin": [9, 0, 0]},
			"faces": {
				"north": {"uv": [2, 8, 3, 12], "texture": "#6", "cullface": "north"},
				"up": {"uv": [4, 14, 10, 15], "rotation": 90, "texture": "#6", "cullface": "north"}
			}
		},
		{
			"from": [1, 9, 2],
			"to": [2, 13, 8],
			"rotation": {"angle": 0, "axis": "y", "origin": [-2, 8, 0]},
			"faces": {
				"north": {"uv": [12, 2, 13, 6], "texture": "#6", "cullface": "north"},
				"up": {"uv": [0, 14, 6, 15], "texture": "#6", "cullface": "north"}
			}
		},
		{
			"from": [4, 9, 2],
			"to": [5, 13, 8],
			"rotation": {"angle": 0, "axis": "y", "origin": [1, 8, 0]},
			"faces": {
				"north": {"uv": [9, 2, 10, 6], "texture": "#6", "cullface": "north"},
				"up": {"uv": [0, 14, 6, 15], "texture": "#6", "cullface": "north"}
			}
		},
		{
			"from": [10, 1, 1],
			"to": [12, 6, 8],
			"rotation": {"angle": 0, "axis": "y", "origin": [7, 0, 0]},
			"faces": {
				"north": {"uv": [3, 7, 5, 12], "texture": "#6", "cullface": "north"},
				"east": {"uv": [5, 7, 3, 12], "texture": "#6", "cullface": "north"},
				"up": {"uv": [0, 13, 6, 15], "rotation": 90, "texture": "#6", "cullface": "north"}
			}
		},
		{
			"from": [13, 1, 1],
			"to": [15, 6, 8],
			"rotation": {"angle": 0, "axis": "y", "origin": [10, 0, 0]},
			"faces": {
				"north": {"uv": [0, 7, 2, 12], "texture": "#6", "cullface": "north"},
				"west": {"uv": [2, 7, 0, 12], "texture": "#6", "cullface": "north"},
				"up": {"uv": [0, 13, 6, 15], "rotation": 90, "texture": "#6", "cullface": "north"}
			}
		},
		{
			"from": [4.5, 1, 2],
			"to": [5.5, 6.5, 8],
			"rotation": {"angle": -22.5, "axis": "z", "origin": [5.5, 0, 7]},
			"faces": {
				"north": {"uv": [7, 7, 8, 12], "texture": "#6", "cullface": "north"},
				"east": {"uv": [7, 7, 8, 12], "texture": "#6", "cullface": "north"},
				"west": {"uv": [7, 7, 8, 12], "texture": "#6", "cullface": "north"},
				"up": {"uv": [0, 12, 6, 13], "texture": "#6", "cullface": "north"},
				"down": {"uv": [0, 12, 6, 13], "texture": "#6", "cullface": "north"}
			}
		},
		{
			"from": [8.08268, 9.25112, 2],
			"to": [9.08268, 13.15112, 8],
			"rotation": {"angle": 22.5, "axis": "z", "origin": [8.7, 9.175, 7]},
			"faces": {
				"north": {"uv": [6, 2, 7, 6], "texture": "#6", "cullface": "north"},
				"east": {"uv": [6, 2, 7, 6], "texture": "#6", "cullface": "north"},
				"west": {"uv": [6, 2, 7, 6], "texture": "#6", "cullface": "north"},
				"up": {"uv": [0, 14, 6, 15], "texture": "#6", "cullface": "north"},
				"down": {"uv": [0, 14, 6, 15], "texture": "#6", "cullface": "north"}
			}
		},
		{
			"from": [7.9999, 15, 1],
			"to": [15.9999, 15, 15],
			"rotation": {"angle": 0, "axis": "y", "origin": [16, 0, 8]},
			"faces": {
				"down": {"uv": [1, 16, 15, 8], "rotation": 270, "texture": "#east", "cullface": "east"}
			}
		},
		{
			"from": [7.9999, 1, 1],
			"to": [15.9999, 1, 15],
			"rotation": {"angle": 0, "axis": "y", "origin": [16, 0, 8]},
			"faces": {
				"up": {"uv": [1, 0, 15, 8], "rotation": 90, "texture": "#east", "cullface": "east"}
			}
		},
		{
			"from": [7.999, 1, 1.001],
			"to": [15.999, 15, 1.001],
			"rotation": {"angle": 0, "axis": "y", "origin": [16, 0, 8]},
			"faces": {
				"south": {"uv": [8, 1, 16, 15], "texture": "#east", "cullface": "east"}
			}
		},
		{
			"from": [7.999, 1, 14.999],
			"to": [15.999, 15, 14.999],
			"rotation": {"angle": 0, "axis": "y", "origin": [16, 0, 8]},
			"faces": {
				"north": {"uv": [0, 1, 8, 15], "texture": "#east", "cullface": "east"}
			}
		},
		{
			"from": [8, 1, 1],
			"to": [8, 15, 15],
			"rotation": {"angle": 0, "axis": "y", "origin": [16, 0, 8]},
			"faces": {
				"east": {"uv": [1, 1, 15, 15], "texture": "#east", "cullface": "east"}
			}
		},
		{
			"from": [7.999, 7, 1],
			"to": [15.999, 9, 15],
			"rotation": {"angle": 0, "axis": "y", "origin": [16, 0, 8]},
			"faces": {
				"east": {"uv": [1, 7, 15, 9], "texture": "#base", "cullface": "east"},
				"up": {"uv": [1, 8, 15, 16], "rotation": 90, "texture": "#east", "cullface": "east"},
				"down": {"uv": [1, 16, 15, 8], "rotation": 270, "texture": "#east", "cullface": "east"}
			}
		},
		{
			"from": [8, 1, 1],
			"to": [14, 5, 3],
			"rotation": {"angle": 0, "axis": "y", "origin": [16, 0, 8]},
			"faces": {
				"east": {"uv": [10, 8, 12, 12], "texture": "#7", "cullface": "east"},
				"up": {"uv": [4, 13, 10, 15], "rotation": 180, "texture": "#7", "cullface": "east"}
			}
		},
		{
			"from": [8, 9, 12],
			"to": [14, 13, 15],
			"rotation": {"angle": 0, "axis": "y", "origin": [16, 0, 8]},
			"faces": {
				"east": {"uv": [0, 2, 3, 6], "texture": "#7", "cullface": "east"},
				"up": {"uv": [4, 12, 10, 15], "rotation": 180, "texture": "#7", "cullface": "east"}
			}
		},
		{
			"from": [8, 1, 3],
			"to": [15, 6, 5],
			"rotation": {"angle": 0, "axis": "y", "origin": [16, 0, 8]},
			"faces": {
				"north": {"uv": [10, 7, 8, 12], "texture": "#7", "cullface": "east"},
				"east": {"uv": [8, 7, 10, 12], "texture": "#7", "cullface": "east"},
				"south": {"uv": [10, 7, 8, 12], "texture": "#7", "cullface": "east"},
				"up": {"uv": [0, 13, 6, 15], "rotation": 180, "texture": "#7", "cullface": "east"}
			}
		},
		{
			"from": [8, 9, 5],
			"to": [15, 14, 7],
			"rotation": {"angle": 0, "axis": "y", "origin": [16, 0, 8]},
			"faces": {
				"north": {"uv": [9, 1, 7, 6], "texture": "#7", "cullface": "east"},
				"east": {"uv": [7, 1, 9, 6], "texture": "#7", "cullface": "east"},
				"south": {"uv": [9, 1, 7, 6], "texture": "#7", "cullface": "east"},
				"up": {"uv": [0, 13, 6, 15], "rotation": 180, "texture": "#7", "cullface": "east"}
			}
		},
		{
			"from": [8, 9, 10],
			"to": [15, 14, 12],
			"rotation": {"angle": 0, "axis": "y", "origin": [16, 0, 8]},
			"faces": {
				"north": {"uv": [5, 1, 3, 6], "texture": "#7", "cullface": "east"},
				"east": {"uv": [3, 1, 5, 6], "texture": "#7", "cullface": "east"},
				"south": {"uv": [5, 1, 3, 6], "texture": "#7", "cullface": "east"},
				"up": {"uv": [0, 13, 6, 15], "rotation": 180, "texture": "#7", "cullface": "east"}
			}
		},
		{
			"from": [8, 9, 9],
			"to": [14, 12, 10],
			"rotation": {"angle": 0, "axis": "y", "origin": [16, 0, 8]},
			"faces": {
				"north": {"uv": [6, 3, 5, 6], "texture": "#7", "cullface": "east"},
				"east": {"uv": [5, 3, 6, 6], "texture": "#7", "cullface": "east"},
				"south": {"uv": [6, 3, 5, 6], "texture": "#7", "cullface": "east"},
				"up": {"uv": [3, 14, 9, 15], "rotation": 180, "texture": "#7", "cullface": "east"}
			}
		},
		{
			"from": [7.999, 1, 8],
			"to": [15.999, 7, 10],
			"rotation": {"angle": 0, "axis": "y", "origin": [16, 0, 8]},
			"faces": {
				"north": {"uv": [7, 6, 5, 12], "texture": "#7", "cullface": "east"},
				"east": {"uv": [5, 6, 7, 12], "texture": "#7", "cullface": "east"},
				"south": {"uv": [7, 6, 5, 12], "texture": "#7", "cullface": "east"}
			}
		},
		{
			"from": [7.999, 9, 2],
			"to": [15.999, 15, 4],
			"rotation": {"angle": 0, "axis": "y", "origin": [16, 0, 8]},
			"faces": {
				"north": {"uv": [12, 0, 10, 6], "texture": "#7", "cullface": "east"},
				"east": {"uv": [10, 0, 12, 6], "texture": "#7", "cullface": "east"},
				"south": {"uv": [12, 0, 10, 6], "texture": "#7", "cullface": "east"}
			}
		},
		{
			"from": [8, 1, 12],
			"to": [14, 5, 13],
			"rotation": {"angle": 0, "axis": "y", "origin": [16, 0, 8]},
			"faces": {
				"east": {"uv": [2, 8, 3, 12], "texture": "#7", "cullface": "east"},
				"up": {"uv": [4, 14, 10, 15], "rotation": 180, "texture": "#7", "cullface": "east"}
			}
		},
		{
			"from": [8, 9, 1],
			"to": [14, 13, 2],
			"rotation": {"angle": 0, "axis": "y", "origin": [16, 0, 8]},
			"faces": {
				"east": {"uv": [12, 2, 13, 6], "texture": "#7", "cullface": "east"},
				"up": {"uv": [0, 14, 6, 15], "rotation": 90, "texture": "#7", "cullface": "east"}
			}
		},
		{
			"from": [8, 9, 4],
			"to": [14, 13, 5],
			"rotation": {"angle": 0, "axis": "y", "origin": [16, 0, 8]},
			"faces": {
				"east": {"uv": [9, 2, 10, 6], "texture": "#7", "cullface": "east"},
				"up": {"uv": [0, 14, 6, 15], "rotation": 90, "texture": "#7", "cullface": "east"}
			}
		},
		{
			"from": [8, 1, 10],
			"to": [15, 6, 12],
			"rotation": {"angle": 0, "axis": "y", "origin": [16, 0, 8]},
			"faces": {
				"east": {"uv": [3, 7, 5, 12], "texture": "#7", "cullface": "east"},
				"south": {"uv": [5, 7, 3, 12], "texture": "#7", "cullface": "east"},
				"up": {"uv": [0, 13, 6, 15], "rotation": 180, "texture": "#7", "cullface": "east"}
			}
		},
		{
			"from": [8, 1, 13],
			"to": [15, 6, 15],
			"rotation": {"angle": 0, "axis": "y", "origin": [16, 0, 8]},
			"faces": {
				"north": {"uv": [2, 7, 0, 12], "texture": "#7", "cullface": "east"},
				"east": {"uv": [0, 7, 2, 12], "texture": "#7", "cullface": "east"},
				"up": {"uv": [0, 13, 6, 15], "rotation": 180, "texture": "#7", "cullface": "east"}
			}
		},
		{
			"from": [8, 0.04329, 4.6903],
			"to": [14, 5.54329, 5.6903],
			"rotation": {"angle": 22.5, "axis": "x", "origin": [16, 0, 8]},
			"faces": {
				"north": {"uv": [7, 7, 8, 12], "texture": "#7", "cullface": "east"},
				"east": {"uv": [7, 7, 8, 12], "texture": "#7", "cullface": "east"},
				"south": {"uv": [7, 7, 8, 12], "texture": "#7", "cullface": "east"},
				"up": {"uv": [0, 12, 6, 13], "rotation": 90, "texture": "#7", "cullface": "east"},
				"down": {"uv": [0, 12, 6, 13], "rotation": 270, "texture": "#7", "cullface": "east"}
			}
		},
		{
			"from": [8, 8.28484, 11.54052],
			"to": [14, 12.18484, 12.54052],
			"rotation": {"angle": -22.5, "axis": "x", "origin": [16, 0, 8]},
			"faces": {
				"north": {"uv": [6, 2, 7, 6], "texture": "#7", "cullface": "east"},
				"east": {"uv": [6, 2, 7, 6], "texture": "#7", "cullface": "east"},
				"south": {"uv": [6, 2, 7, 6], "texture": "#7", "cullface": "east"},
				"up": {"uv": [0, 14, 6, 15], "rotation": 90, "texture": "#7", "cullface": "east"},
				"down": {"uv": [0, 14, 6, 15], "rotation": 270, "texture": "#7", "cullface": "east"}
			}
		},
		{
			"from": [1, 15, 7.9999],
			"to": [15, 15, 15.9999],
			"rotation": {"angle": 0, "axis": "y", "origin": [8, 0, 16]},
			"faces": {
				"down": {"uv": [1, 16, 15, 8], "rotation": 180, "texture": "#south", "cullface": "south"}
			}
		},
		{
			"from": [1, 1, 7.999],
			"to": [15, 1, 15.999],
			"rotation": {"angle": 0, "axis": "y", "origin": [8, 0, 16]},
			"faces": {
				"up": {"uv": [1, 0, 15, 8], "rotation": 180, "texture": "#south", "cullface": "south"}
			}
		},
		{
			"from": [14.999, 1, 7.999],
			"to": [14.999, 15, 15.999],
			"rotation": {"angle": 0, "axis": "y", "origin": [8, 0, 16]},
			"faces": {
				"west": {"uv": [8, 1, 16, 15], "texture": "#south", "cullface": "south"}
			}
		},
		{
			"from": [1.001, 1, 7.999],
			"to": [1.001, 15, 15.999],
			"rotation": {"angle": 0, "axis": "y", "origin": [8, 0, 16]},
			"faces": {
				"east": {"uv": [0, 1, 8, 15], "texture": "#south", "cullface": "south"}
			}
		},
		{
			"from": [1, 1, 8],
			"to": [15, 15, 8],
			"rotation": {"angle": 0, "axis": "y", "origin": [8, 0, 16]},
			"faces": {
				"south": {"uv": [1, 1, 15, 15], "texture": "#south", "cullface": "south"}
			}
		},
		{
			"from": [1, 7, 7.999],
			"to": [15, 9, 15.999],
			"rotation": {"angle": 0, "axis": "y", "origin": [8, 0, 16]},
			"faces": {
				"south": {"uv": [1, 7, 15, 9], "texture": "#base", "cullface": "south"},
				"up": {"uv": [1, 8, 15, 16], "rotation": 180, "texture": "#south", "cullface": "south"},
				"down": {"uv": [1, 16, 15, 8], "rotation": 180, "texture": "#south", "cullface": "south"}
			}
		},
		{
			"from": [13, 1, 8],
			"to": [15, 5, 14],
			"rotation": {"angle": 0, "axis": "y", "origin": [8, 0, 16]},
			"faces": {
				"south": {"uv": [10, 8, 12, 12], "texture": "#8", "cullface": "south"},
				"up": {"uv": [4, 13, 10, 15], "rotation": 270, "texture": "#8", "cullface": "south"}
			}
		},
		{
			"from": [1, 9, 8],
			"to": [4, 13, 14],
			"rotation": {"angle": 0, "axis": "y", "origin": [8, 0, 16]},
			"faces": {
				"south": {"uv": [0, 2, 3, 6], "texture": "#8", "cullface": "south"},
				"up": {"uv": [4, 12, 10, 15], "rotation": 270, "texture": "#8", "cullface": "south"}
			}
		},
		{
			"from": [11, 1, 8],
			"to": [13, 6, 15],
			"rotation": {"angle": 0, "axis": "y", "origin": [8, 0, 16]},
			"faces": {
				"east": {"uv": [10, 7, 8, 12], "texture": "#8", "cullface": "south"},
				"south": {"uv": [8, 7, 10, 12], "texture": "#8", "cullface": "south"},
				"west": {"uv": [10, 7, 8, 12], "texture": "#8", "cullface": "south"},
				"up": {"uv": [0, 13, 6, 15], "rotation": 270, "texture": "#8", "cullface": "south"}
			}
		},
		{
			"from": [9, 9, 8],
			"to": [11, 14, 15],
			"rotation": {"angle": 0, "axis": "y", "origin": [8, 0, 16]},
			"faces": {
				"east": {"uv": [9, 1, 7, 6], "texture": "#8", "cullface": "south"},
				"south": {"uv": [7, 1, 9, 6], "texture": "#8", "cullface": "south"},
				"west": {"uv": [9, 1, 7, 6], "texture": "#8", "cullface": "south"},
				"up": {"uv": [0, 13, 6, 15], "rotation": 270, "texture": "#8", "cullface": "south"}
			}
		},
		{
			"from": [4, 9, 8],
			"to": [6, 14, 15],
			"rotation": {"angle": 0, "axis": "y", "origin": [8, 0, 16]},
			"faces": {
				"east": {"uv": [5, 1, 3, 6], "texture": "#8", "cullface": "south"},
				"south": {"uv": [3, 1, 5, 6], "texture": "#8", "cullface": "south"},
				"west": {"uv": [5, 1, 3, 6], "texture": "#8", "cullface": "south"},
				"up": {"uv": [0, 13, 6, 15], "rotation": 270, "texture": "#8", "cullface": "south"}
			}
		},
		{
			"from": [6, 9, 8],
			"to": [7, 12, 14],
			"rotation": {"angle": 0, "axis": "y", "origin": [8, 0, 16]},
			"faces": {
				"east": {"uv": [6, 3, 5, 6], "texture": "#8", "cullface": "south"},
				"south": {"uv": [5, 3, 6, 6], "texture": "#8", "cullface": "south"},
				"west": {"uv": [6, 3, 5, 6], "texture": "#8", "cullface": "south"},
				"up": {"uv": [3, 14, 9, 15], "rotation": 270, "texture": "#8", "cullface": "south"}
			}
		},
		{
			"from": [6, 1, 7.999],
			"to": [8, 7, 15.999],
			"rotation": {"angle": 0, "axis": "y", "origin": [8, 0, 16]},
			"faces": {
				"east": {"uv": [7, 6, 5, 12], "texture": "#8", "cullface": "south"},
				"south": {"uv": [5, 6, 7, 12], "texture": "#8", "cullface": "south"},
				"west": {"uv": [7, 6, 5, 12], "texture": "#8", "cullface": "south"}
			}
		},
		{
			"from": [12, 9, 7.999],
			"to": [14, 15, 15.999],
			"rotation": {"angle": 0, "axis": "y", "origin": [8, 0, 16]},
			"faces": {
				"east": {"uv": [12, 0, 10, 6], "texture": "#8", "cullface": "south"},
				"south": {"uv": [10, 0, 12, 6], "texture": "#8", "cullface": "south"},
				"west": {"uv": [12, 0, 10, 6], "texture": "#8", "cullface": "south"}
			}
		},
		{
			"from": [3, 1, 8],
			"to": [4, 5, 14],
			"rotation": {"angle": 0, "axis": "y", "origin": [8, 0, 16]},
			"faces": {
				"south": {"uv": [2, 8, 3, 12], "texture": "#8", "cullface": "south"},
				"up": {"uv": [4, 14, 10, 15], "rotation": 270, "texture": "#8", "cullface": "south"}
			}
		},
		{
			"from": [14, 9, 8],
			"to": [15, 13, 14],
			"rotation": {"angle": 0, "axis": "y", "origin": [8, 0, 16]},
			"faces": {
				"south": {"uv": [12, 2, 13, 6], "texture": "#8", "cullface": "south"},
				"up": {"uv": [0, 14, 6, 15], "rotation": 180, "texture": "#8", "cullface": "south"}
			}
		},
		{
			"from": [11, 9, 8],
			"to": [12, 13, 14],
			"rotation": {"angle": 0, "axis": "y", "origin": [8, 0, 16]},
			"faces": {
				"south": {"uv": [9, 2, 10, 6], "texture": "#8", "cullface": "south"},
				"up": {"uv": [0, 14, 6, 15], "rotation": 180, "texture": "#8", "cullface": "south"}
			}
		},
		{
			"from": [4, 1, 8],
			"to": [6, 6, 15],
			"rotation": {"angle": 0, "axis": "y", "origin": [8, 0, 16]},
			"faces": {
				"south": {"uv": [3, 7, 5, 12], "texture": "#8", "cullface": "south"},
				"west": {"uv": [5, 7, 3, 12], "texture": "#8", "cullface": "south"},
				"up": {"uv": [0, 13, 6, 15], "rotation": 270, "texture": "#8", "cullface": "south"}
			}
		},
		{
			"from": [1, 1, 8],
			"to": [3, 6, 15],
			"rotation": {"angle": 0, "axis": "y", "origin": [8, 0, 16]},
			"faces": {
				"east": {"uv": [2, 7, 0, 12], "texture": "#8", "cullface": "south"},
				"south": {"uv": [0, 7, 2, 12], "texture": "#8", "cullface": "south"},
				"up": {"uv": [0, 13, 6, 15], "rotation": 270, "texture": "#8", "cullface": "south"}
			}
		},
		{
			"from": [10.3097, 0.04329, 8],
			"to": [11.3097, 5.54329, 14],
			"rotation": {"angle": 22.5, "axis": "z", "origin": [8, 0, 16]},
			"faces": {
				"east": {"uv": [7, 7, 8, 12], "texture": "#8", "cullface": "south"},
				"south": {"uv": [7, 7, 8, 12], "texture": "#8", "cullface": "south"},
				"west": {"uv": [7, 7, 8, 12], "texture": "#8", "cullface": "south"},
				"up": {"uv": [0, 12, 6, 13], "rotation": 180, "texture": "#8", "cullface": "south"},
				"down": {"uv": [0, 12, 6, 13], "rotation": 180, "texture": "#8", "cullface": "south"}
			}
		},
		{
			"from": [3.45948, 8.28484, 8],
			"to": [4.45948, 12.18484, 14],
			"rotation": {"angle": -22.5, "axis": "z", "origin": [8, 0, 16]},
			"faces": {
				"east": {"uv": [6, 2, 7, 6], "texture": "#8", "cullface": "south"},
				"south": {"uv": [6, 2, 7, 6], "texture": "#8", "cullface": "south"},
				"west": {"uv": [6, 2, 7, 6], "texture": "#8", "cullface": "south"},
				"up": {"uv": [0, 14, 6, 15], "rotation": 180, "texture": "#8", "cullface": "south"},
				"down": {"uv": [0, 14, 6, 15], "rotation": 180, "texture": "#8", "cullface": "south"}
			}
		},
		{
			"from": [0.0001, 15, 1],
			"to": [8.0001, 15, 15],
			"rotation": {"angle": 0, "axis": "y", "origin": [0, 0, 8]},
			"faces": {
				"down": {"uv": [1, 16, 15, 8], "rotation": 90, "texture": "#west", "cullface": "west"}
			}
		},
		{
			"from": [0.001, 1, 1],
			"to": [8.001, 1, 15],
			"rotation": {"angle": 0, "axis": "y", "origin": [0, 0, 8]},
			"faces": {
				"up": {"uv": [1, 0, 15, 8], "rotation": 270, "texture": "#west", "cullface": "west"}
			}
		},
		{
			"from": [0.001, 1, 14.999],
			"to": [8.001, 15, 14.999],
			"rotation": {"angle": 0, "axis": "y", "origin": [0, 0, 8]},
			"faces": {
				"north": {"uv": [8, 1, 16, 15], "texture": "#west", "cullface": "west"}
			}
		},
		{
			"from": [0.001, 1, 1.001],
			"to": [8.001, 15, 1.001],
			"rotation": {"angle": 0, "axis": "y", "origin": [0, 0, 8]},
			"faces": {
				"south": {"uv": [0, 1, 8, 15], "texture": "#west", "cullface": "west"}
			}
		},
		{
			"from": [8, 1, 1],
			"to": [8, 15, 15],
			"rotation": {"angle": 0, "axis": "y", "origin": [0, 0, 8]},
			"faces": {
				"west": {"uv": [1, 1, 15, 15], "texture": "#west", "cullface": "west"}
			}
		},
		{
			"from": [0.001, 7, 1],
			"to": [8.001, 9, 15],
			"rotation": {"angle": 0, "axis": "y", "origin": [0, 0, 8]},
			"faces": {
				"west": {"uv": [1, 7, 15, 9], "texture": "#base", "cullface": "west"},
				"up": {"uv": [1, 8, 15, 16], "rotation": 270, "texture": "#west", "cullface": "west"},
				"down": {"uv": [1, 16, 15, 8], "rotation": 90, "texture": "#west", "cullface": "west"}
			}
		},
		{
			"from": [2, 1, 13],
			"to": [8, 5, 15],
			"rotation": {"angle": 0, "axis": "y", "origin": [0, 0, 8]},
			"faces": {
				"west": {"uv": [10, 8, 12, 12], "texture": "#9", "cullface": "west"},
				"up": {"uv": [4, 13, 10, 15], "texture": "#9", "cullface": "west"}
			}
		},
		{
			"from": [2, 9, 1],
			"to": [8, 13, 4],
			"rotation": {"angle": 0, "axis": "y", "origin": [0, 0, 8]},
			"faces": {
				"west": {"uv": [0, 2, 3, 6], "texture": "#9", "cullface": "west"},
				"up": {"uv": [4, 12, 10, 15], "texture": "#9", "cullface": "west"}
			}
		},
		{
			"from": [1, 1, 11],
			"to": [8, 6, 13],
			"rotation": {"angle": 0, "axis": "y", "origin": [0, 0, 8]},
			"faces": {
				"north": {"uv": [10, 7, 8, 12], "texture": "#9", "cullface": "west"},
				"south": {"uv": [10, 7, 8, 12], "texture": "#9", "cullface": "west"},
				"west": {"uv": [8, 7, 10, 12], "texture": "#9", "cullface": "west"},
				"up": {"uv": [0, 13, 6, 15], "texture": "#9", "cullface": "west"}
			}
		},
		{
			"from": [1, 9, 9],
			"to": [8, 14, 11],
			"rotation": {"angle": 0, "axis": "y", "origin": [0, 0, 8]},
			"faces": {
				"north": {"uv": [9, 1, 7, 6], "texture": "#9", "cullface": "west"},
				"south": {"uv": [9, 1, 7, 6], "texture": "#9", "cullface": "west"},
				"west": {"uv": [7, 1, 9, 6], "texture": "#9", "cullface": "west"},
				"up": {"uv": [0, 13, 6, 15], "texture": "#9", "cullface": "west"}
			}
		},
		{
			"from": [1, 9, 4],
			"to": [8, 14, 6],
			"rotation": {"angle": 0, "axis": "y", "origin": [0, 0, 8]},
			"faces": {
				"north": {"uv": [5, 1, 3, 6], "texture": "#9", "cullface": "west"},
				"south": {"uv": [5, 1, 3, 6], "texture": "#9", "cullface": "west"},
				"west": {"uv": [3, 1, 5, 6], "texture": "#9", "cullface": "west"},
				"up": {"uv": [0, 13, 6, 15], "texture": "#9", "cullface": "west"}
			}
		},
		{
			"from": [2, 9, 6],
			"to": [8, 12, 7],
			"rotation": {"angle": 0, "axis": "y", "origin": [0, 0, 8]},
			"faces": {
				"north": {"uv": [6, 3, 5, 6], "texture": "#9", "cullface": "west"},
				"south": {"uv": [6, 3, 5, 6], "texture": "#9", "cullface": "west"},
				"west": {"uv": [5, 3, 6, 6], "texture": "#9", "cullface": "west"},
				"up": {"uv": [3, 14, 9, 15], "texture": "#9", "cullface": "west"}
			}
		},
		{
			"from": [0.001, 1, 6],
			"to": [8.001, 7, 8],
			"rotation": {"angle": 0, "axis": "y", "origin": [0, 0, 8]},
			"faces": {
				"north": {"uv": [7, 6, 5, 12], "texture": "#9", "cullface": "west"},
				"south": {"uv": [7, 6, 5, 12], "texture": "#9", "cullface": "west"},
				"west": {"uv": [5, 6, 7, 12], "texture": "#9", "cullface": "west"}
			}
		},
		{
			"from": [0.001, 9, 12],
			"to": [8.001, 15, 14],
			"rotation": {"angle": 0, "axis": "y", "origin": [0, 0, 8]},
			"faces": {
				"north": {"uv": [12, 0, 10, 6], "texture": "#9", "cullface": "west"},
				"south": {"uv": [12, 0, 10, 6], "texture": "#9", "cullface": "west"},
				"west": {"uv": [10, 0, 12, 6], "texture": "#9", "cullface": "west"}
			}
		},
		{
			"from": [2, 1, 3],
			"to": [8, 5, 4],
			"rotation": {"angle": 0, "axis": "y", "origin": [0, 0, 8]},
			"faces": {
				"west": {"uv": [2, 8, 3, 12], "texture": "#9", "cullface": "west"},
				"up": {"uv": [4, 14, 10, 15], "texture": "#9", "cullface": "west"}
			}
		},
		{
			"from": [2, 9, 14],
			"to": [8, 13, 15],
			"rotation": {"angle": 0, "axis": "y", "origin": [0, 0, 8]},
			"faces": {
				"west": {"uv": [12, 2, 13, 6], "texture": "#9", "cullface": "west"},
				"up": {"uv": [0, 14, 6, 15], "rotation": 270, "texture": "#9", "cullface": "west"}
			}
		},
		{
			"from": [2, 9, 11],
			"to": [8, 13, 12],
			"rotation": {"angle": 0, "axis": "y", "origin": [0, 0, 8]},
			"faces": {
				"west": {"uv": [9, 2, 10, 6], "texture": "#9", "cullface": "west"},
				"up": {"uv": [0, 14, 6, 15], "rotation": 270, "texture": "#9", "cullface": "west"}
			}
		},
		{
			"from": [1, 1, 4],
			"to": [8, 6, 6],
			"rotation": {"angle": 0, "axis": "y", "origin": [0, 0, 8]},
			"faces": {
				"north": {"uv": [5, 7, 3, 12], "texture": "#9", "cullface": "west"},
				"west": {"uv": [3, 7, 5, 12], "texture": "#9", "cullface": "west"},
				"up": {"uv": [0, 13, 6, 15], "texture": "#9", "cullface": "west"}
			}
		},
		{
			"from": [1, 1, 1],
			"to": [8, 6, 3],
			"rotation": {"angle": 0, "axis": "y", "origin": [0, 0, 8]},
			"faces": {
				"south": {"uv": [2, 7, 0, 12], "texture": "#9", "cullface": "west"},
				"west": {"uv": [0, 7, 2, 12], "texture": "#9", "cullface": "west"},
				"up": {"uv": [0, 13, 6, 15], "texture": "#9", "cullface": "west"}
			}
		},
		{
			"from": [2, 0.04329, 10.3097],
			"to": [8, 5.54329, 11.3097],
			"rotation": {"angle": -22.5, "axis": "x", "origin": [0, 0, 8]},
			"faces": {
				"north": {"uv": [7, 7, 8, 12], "texture": "#9", "cullface": "west"},
				"south": {"uv": [7, 7, 8, 12], "texture": "#9", "cullface": "west"},
				"west": {"uv": [7, 7, 8, 12], "texture": "#9", "cullface": "west"},
				"up": {"uv": [0, 12, 6, 13], "rotation": 270, "texture": "#9", "cullface": "west"},
				"down": {"uv": [0, 12, 6, 13], "rotation": 90, "texture": "#9", "cullface": "west"}
			}
		},
		{
			"from": [2, 8.28484, 3.45948],
			"to": [8, 12.18484, 4.45948],
			"rotation": {"angle": 22.5, "axis": "x", "origin": [0, 0, 8]},
			"faces": {
				"north": {"uv": [6, 2, 7, 6], "texture": "#9", "cullface": "west"},
				"south": {"uv": [6, 2, 7, 6], "texture": "#9", "cullface": "west"},
				"west": {"uv": [6, 2, 7, 6], "texture": "#9", "cullface": "west"},
				"up": {"uv": [0, 14, 6, 15], "rotation": 270, "texture": "#9", "cullface": "west"},
				"down": {"uv": [0, 14, 6, 15], "rotation": 90, "texture": "#9", "cullface": "west"}
			}
		}
	],
	"display": {
		"thirdperson_righthand": {
			"rotation": [75, 45, 0],
			"translation": [0, 2.5, 0],
			"scale": [0.375, 0.375, 0.375]
		},
		"thirdperson_lefthand": {
			"rotation": [75, 45, 0],
			"translation": [0, 2.5, 0],
			"scale": [0.375, 0.375, 0.375]
		},
		"firstperson_righthand": {
			"rotation": [0, 45, 0],
			"scale": [0.4, 0.4, 0.4]
		},
		"firstperson_lefthand": {
			"rotation": [0, 225, 0],
			"scale": [0.4, 0.4, 0.4]
		},
		"ground": {
			"translation": [0, 3, 0],
			"scale": [0.25, 0.25, 0.25]
		},
		"gui": {
			"rotation": [30, 225, 0],
			"scale": [0.625, 0.625, 0.625]
		},
		"fixed": {
			"scale": [0.5, 0.5, 0.5]
		}
	},
	"groups": [
		{
			"name": "base",
			"origin": [8, 8, 8],
			"color": 0,
			"children": [0, 1, 2, 3, 4, 5]
		},
		{
			"name": "north",
			"origin": [8, 8, 8],
			"color": 0,
			"children": [
				{
					"name": "base",
					"origin": [8, 8, 8],
					"color": 0,
					"children": [6, 7, 8, 9, 10, 11]
				},
				{
					"name": "books",
					"origin": [0, 0, 0],
					"color": 0,
					"children": [12, 13, 14, 15, 16, 17, 18, 19, 20, 21, 22, 23, 24, 25, 26]
				}
			]
		},
		{
			"name": "east",
			"origin": [8, 8, 8],
			"color": 0,
			"children": [
				{
					"name": "base",
					"origin": [8, 8, 8],
					"color": 0,
					"children": [27, 28, 29, 30, 31, 32]
				},
				{
					"name": "books",
					"origin": [0, 0, 0],
					"color": 0,
					"children": [33, 34, 35, 36, 37, 38, 39, 40, 41, 42, 43, 44, 45, 46, 47]
				}
			]
		},
		{
			"name": "south",
			"origin": [8, 8, 8],
			"color": 0,
			"children": [
				{
					"name": "base",
					"origin": [8, 8, 8],
					"color": 0,
					"children": [48, 49, 50, 51, 52, 53]
				},
				{
					"name": "books",
					"origin": [0, 0, 0],
					"color": 0,
					"children": [54, 55, 56, 57, 58, 59, 60, 61, 62, 63, 64, 65, 66, 67, 68]
				}
			]
		},
		{
			"name": "west",
			"origin": [8, 8, 8],
			"color": 0,
			"children": [
				{
					"name": "base",
					"origin": [8, 8, 8],
					"color": 0,
					"children": [69, 70, 71, 72, 73, 74]
				},
				{
					"name": "books",
					"origin": [0, 0, 0],
					"color": 0,
					"children": [75, 76, 77, 78, 79, 80, 81, 82, 83, 84, 85, 86, 87, 88, 89]
				}
			]
		}
	]
}