{
	"credit": "Made with Blockbench",
	"parent": "block/block",
	"elements": [
		{
			"from": [0, 0, 0],
			"to": [16, 16, 16],
			"faces": {
				"north": {"uv": [0, 0, 16, 16], "texture": "#north", "cullface": "north"},
				"east": {"uv": [0, 0, 16, 16], "texture": "#east", "cullface": "east"},
				"south": {"uv": [0, 0, 16, 16], "texture": "#south", "cullface": "south"},
				"west": {"uv": [0, 0, 16, 16], "texture": "#west", "cullface": "west"},
				"up": {"uv": [0, 0, 16, 16], "texture": "#up", "cullface": "up"},
				"down": {"uv": [0, 0, 16, 16], "texture": "#down", "cullface": "down"}
			}
		},
		{
			"from": [0.00001, 16.00001, 0],
			"to": [0.00001, 16.00001, 16],
			"rotation": {"angle": 0, "axis": "y", "origin": [0.00001, 16.00001, 8]},
			"faces": {
				"up": {"uv": [0, 16, 16, 0], "rotation": 270, "texture": "#west", "cullface": "up"}
			}
		},
		{
			"from": [0, 16.00001, 15.99999],
			"to": [16, 16.00001, 15.99999],
			"rotation": {"angle": 0, "axis": "y", "origin": [8, 16.00001, 15.99999]},
			"faces": {
				"up": {"uv": [0, 0, 16, 16], "texture": "#south", "cullface": "up"}
			}
		},
		{
			"from": [15.99999, 16.00001, 0],
			"to": [15.99999, 16.00001, 16],
			"rotation": {"angle": 0, "axis": "y", "origin": [15.99999, 16.00001, 8]},
			"faces": {
				"up": {"uv": [0, 16, 16, 0], "rotation": 90, "texture": "#east", "cullface": "up"}
			}
		},
		{
			"from": [0, 16.00001, 0.00001],
			"to": [16, 16.00001, 0.00001],
			"rotation": {"angle": 0, "axis": "y", "origin": [8, 16.00001, 0.00001]},
			"faces": {
				"up": {"uv": [0, 16, 16, 0], "texture": "#north", "cullface": "up"}
			}
		},
		{
			"from": [0.00001, 16.00001, 0.00001],
			"to": [15.99999, 16.00001, 15.99999],
			"rotation": {"angle": 0, "axis": "y", "origin": [8, 16.00001, 8]},
			"faces": {
				"up": {"uv": [0, 0, 16, 16], "texture": "#up", "cullface": "up"}
			}
		}
	],
	"groups": [
		0,
		{
			"name": "group",
			"origin": [8, 1, 8],
			"color": 0,
			"nbt": "{}",
			"children": [1, 2, 3, 4, 5]
		}
	]
}