{
	"credit": "Made with Blockbench",
	"parent": "block/block",
	"elements": [
		{
			"from": [0, 0, 0],
			"to": [16, 16, 16],
			"faces": {
				"north": {"uv": [0, 0, 16, 16], "texture": "#north", "cullface": "north"},
				"east": {"uv": [0, 0, 16, 16], "texture": "#east", "cullface": "east"},
				"south": {"uv": [0, 0, 16, 16], "texture": "#south", "cullface": "south"},
				"west": {"uv": [0, 0, 16, 16], "texture": "#west", "cullface": "west"},
				"down": {"uv": [0, 0, 16, 16], "texture": "#down", "cullface": "down"}
			}
		},
		{
			"from": [6, 16.00001, 0.00001],
			"to": [8, 16.00001, 0.00001],
			"rotation": {"angle": 0, "axis": "y", "origin": [8, 16.00001, 8]},
			"faces": {
				"up": {"uv": [8, 16, 6, 0.00001], "texture": "#north", "cullface": "up"}
			}
		},
		{
			"from": [14, 16.00001, 0.00001],
			"to": [16, 16.00001, 0.00001],
			"rotation": {"angle": 0, "axis": "y", "origin": [8, 16.00001, 8]},
			"faces": {
				"up": {"uv": [16, 16, 14, 0.00001], "texture": "#north", "cullface": "up"}
			}
		},
		{
			"from": [10, 16.00001, 0.00001],
			"to": [12, 16.00001, 0.00001],
			"rotation": {"angle": 0, "axis": "y", "origin": [8, 16.00001, 8]},
			"faces": {
				"up": {"uv": [12, 16, 10, 0.00001], "texture": "#north", "cullface": "up"}
			}
		},
		{
			"from": [2, 16.00001, 0.00001],
			"to": [4, 16.00001, 0.00001],
			"rotation": {"angle": 0, "axis": "y", "origin": [8, 16.00001, 8]},
			"faces": {
				"up": {"uv": [4, 16, 2, 0.00001], "texture": "#north", "cullface": "up"}
			}
		},
		{
			"from": [8, 16.00001, 0.00001],
			"to": [10, 16.00001, 0.00001],
			"rotation": {"angle": 0, "axis": "y", "origin": [8, 16.00001, 8]},
			"faces": {
				"up": {"uv": [10, 16, 8, 0.00001], "texture": "#north", "cullface": "up"}
			}
		},
		{
			"from": [0, 16.00001, 0.00001],
			"to": [2, 16.00001, 0.00001],
			"rotation": {"angle": 0, "axis": "y", "origin": [8, 16.00001, 8]},
			"faces": {
				"up": {"uv": [2, 16, 0, 0.00001], "texture": "#north", "cullface": "up"}
			}
		},
		{
			"from": [4, 16.00001, 0.00001],
			"to": [6, 16.00001, 0.00001],
			"rotation": {"angle": 0, "axis": "y", "origin": [8, 16.00001, 8]},
			"faces": {
				"up": {"uv": [6, 16, 4, 0.00001], "texture": "#north", "cullface": "up"}
			}
		},
		{
			"from": [12, 16.00001, 0.00001],
			"to": [14, 16.00001, 0.00001],
			"rotation": {"angle": 0, "axis": "y", "origin": [8, 16.00001, 8]},
			"faces": {
				"up": {"uv": [14, 16, 12, 0.00001], "texture": "#north", "cullface": "up"}
			}
		},
		{
			"from": [15.99999, 16.00001, 6],
			"to": [15.99999, 16.00001, 8],
			"rotation": {"angle": 0, "axis": "y", "origin": [8, 16.00001, 8]},
			"faces": {
				"up": {"uv": [8, 16, 6, 0.00001], "rotation": 90, "texture": "#north", "cullface": "up"}
			}
		},
		{
			"from": [15.99999, 16.00001, 14],
			"to": [15.99999, 16.00001, 16],
			"rotation": {"angle": 0, "axis": "y", "origin": [8, 16.00001, 8]},
			"faces": {
				"up": {"uv": [16, 16, 14, 0.00001], "rotation": 90, "texture": "#north", "cullface": "up"}
			}
		},
		{
			"from": [15.99999, 16.00001, 10],
			"to": [15.99999, 16.00001, 12],
			"rotation": {"angle": 0, "axis": "y", "origin": [8, 16.00001, 8]},
			"faces": {
				"up": {"uv": [12, 16, 10, 0.00001], "rotation": 90, "texture": "#north", "cullface": "up"}
			}
		},
		{
			"from": [15.99999, 16.00001, 2],
			"to": [15.99999, 16.00001, 4],
			"rotation": {"angle": 0, "axis": "y", "origin": [8, 16.00001, 8]},
			"faces": {
				"up": {"uv": [4, 16, 2, 0.00001], "rotation": 90, "texture": "#north", "cullface": "up"}
			}
		},
		{
			"from": [15.99999, 16.00001, 8],
			"to": [15.99999, 16.00001, 10],
			"rotation": {"angle": 0, "axis": "y", "origin": [8, 16.00001, 8]},
			"faces": {
				"up": {"uv": [10, 16, 8, 0.00001], "rotation": 90, "texture": "#north", "cullface": "up"}
			}
		},
		{
			"from": [15.99999, 16.00001, 0],
			"to": [15.99999, 16.00001, 2],
			"rotation": {"angle": 0, "axis": "y", "origin": [8, 16.00001, 8]},
			"faces": {
				"up": {"uv": [2, 16, 0, 0.00001], "rotation": 90, "texture": "#north", "cullface": "up"}
			}
		},
		{
			"from": [15.99999, 16.00001, 4],
			"to": [15.99999, 16.00001, 6],
			"rotation": {"angle": 0, "axis": "y", "origin": [8, 16.00001, 8]},
			"faces": {
				"up": {"uv": [6, 16, 4, 0.00001], "rotation": 90, "texture": "#north", "cullface": "up"}
			}
		},
		{
			"from": [15.99999, 16.00001, 12],
			"to": [15.99999, 16.00001, 14],
			"rotation": {"angle": 0, "axis": "y", "origin": [8, 16.00001, 8]},
			"faces": {
				"up": {"uv": [14, 16, 12, 0.00001], "rotation": 90, "texture": "#north", "cullface": "up"}
			}
		},
		{
			"from": [8, 16.00001, 15.99999],
			"to": [10, 16.00001, 15.99999],
			"rotation": {"angle": 0, "axis": "y", "origin": [8, 16.00001, 8]},
			"faces": {
				"up": {"uv": [8, 16, 6, 0.00001], "rotation": 180, "texture": "#north", "cullface": "up"}
			}
		},
		{
			"from": [0, 16.00001, 15.99999],
			"to": [2, 16.00001, 15.99999],
			"rotation": {"angle": 0, "axis": "y", "origin": [8, 16.00001, 8]},
			"faces": {
				"up": {"uv": [16, 16, 14, 0.00001], "rotation": 180, "texture": "#north", "cullface": "up"}
			}
		},
		{
			"from": [4, 16.00001, 15.99999],
			"to": [6, 16.00001, 15.99999],
			"rotation": {"angle": 0, "axis": "y", "origin": [8, 16.00001, 8]},
			"faces": {
				"up": {"uv": [12, 16, 10, 0.00001], "rotation": 180, "texture": "#north", "cullface": "up"}
			}
		},
		{
			"from": [12, 16.00001, 15.99999],
			"to": [14, 16.00001, 15.99999],
			"rotation": {"angle": 0, "axis": "y", "origin": [8, 16.00001, 8]},
			"faces": {
				"up": {"uv": [4, 16, 2, 0.00001], "rotation": 180, "texture": "#north", "cullface": "up"}
			}
		},
		{
			"from": [6, 16.00001, 15.99999],
			"to": [8, 16.00001, 15.99999],
			"rotation": {"angle": 0, "axis": "y", "origin": [8, 16.00001, 8]},
			"faces": {
				"up": {"uv": [10, 16, 8, 0.00001], "rotation": 180, "texture": "#north", "cullface": "up"}
			}
		},
		{
			"from": [14, 16.00001, 15.99999],
			"to": [16, 16.00001, 15.99999],
			"rotation": {"angle": 0, "axis": "y", "origin": [8, 16.00001, 8]},
			"faces": {
				"up": {"uv": [2, 16, 0, 0.00001], "rotation": 180, "texture": "#north", "cullface": "up"}
			}
		},
		{
			"from": [10, 16.00001, 15.99999],
			"to": [12, 16.00001, 15.99999],
			"rotation": {"angle": 0, "axis": "y", "origin": [8, 16.00001, 8]},
			"faces": {
				"up": {"uv": [6, 16, 4, 0.00001], "rotation": 180, "texture": "#north", "cullface": "up"}
			}
		},
		{
			"from": [2, 16.00001, 15.99999],
			"to": [4, 16.00001, 15.99999],
			"rotation": {"angle": 0, "axis": "y", "origin": [8, 16.00001, 8]},
			"faces": {
				"up": {"uv": [14, 16, 12, 0.00001], "rotation": 180, "texture": "#north", "cullface": "up"}
			}
		},
		{
			"from": [0.00001, 16.00001, 8],
			"to": [0.00001, 16.00001, 10],
			"rotation": {"angle": 0, "axis": "y", "origin": [8, 16.00001, 8]},
			"faces": {
				"up": {"uv": [8, 16, 6, 0.00001], "rotation": 270, "texture": "#north", "cullface": "up"}
			}
		},
		{
			"from": [0.00001, 16.00001, 0],
			"to": [0.00001, 16.00001, 2],
			"rotation": {"angle": 0, "axis": "y", "origin": [8, 16.00001, 8]},
			"faces": {
				"up": {"uv": [16, 16, 14, 0.00001], "rotation": 270, "texture": "#north", "cullface": "up"}
			}
		},
		{
			"from": [0.00001, 16.00001, 4],
			"to": [0.00001, 16.00001, 6],
			"rotation": {"angle": 0, "axis": "y", "origin": [8, 16.00001, 8]},
			"faces": {
				"up": {"uv": [12, 16, 10, 0.00001], "rotation": 270, "texture": "#north", "cullface": "up"}
			}
		},
		{
			"from": [0.00001, 16.00001, 12],
			"to": [0.00001, 16.00001, 14],
			"rotation": {"angle": 0, "axis": "y", "origin": [8, 16.00001, 8]},
			"faces": {
				"up": {"uv": [4, 16, 2, 0.00001], "rotation": 270, "texture": "#north", "cullface": "up"}
			}
		},
		{
			"from": [0.00001, 16.00001, 6],
			"to": [0.00001, 16.00001, 8],
			"rotation": {"angle": 0, "axis": "y", "origin": [8, 16.00001, 8]},
			"faces": {
				"up": {"uv": [10, 16, 8, 0.00001], "rotation": 270, "texture": "#north", "cullface": "up"}
			}
		},
		{
			"from": [0.00001, 16.00001, 14],
			"to": [0.00001, 16.00001, 16],
			"rotation": {"angle": 0, "axis": "y", "origin": [8, 16.00001, 8]},
			"faces": {
				"up": {"uv": [2, 16, 0, 0.00001], "rotation": 270, "texture": "#north", "cullface": "up"}
			}
		},
		{
			"from": [0.00001, 16.00001, 10],
			"to": [0.00001, 16.00001, 12],
			"rotation": {"angle": 0, "axis": "y", "origin": [8, 16.00001, 8]},
			"faces": {
				"up": {"uv": [6, 16, 4, 0.00001], "rotation": 270, "texture": "#north", "cullface": "up"}
			}
		},
		{
			"from": [0.00001, 16.00001, 2],
			"to": [0.00001, 16.00001, 4],
			"rotation": {"angle": 0, "axis": "y", "origin": [8, 16.00001, 8]},
			"faces": {
				"up": {"uv": [14, 16, 12, 0.00001], "rotation": 270, "texture": "#north", "cullface": "up"}
			}
		},
		{
			"from": [0, 16.00001, 12],
			"to": [2, 16.00001, 14],
			"rotation": {"angle": 0, "axis": "y", "origin": [2, 16, 2]},
			"faces": {
				"up": {"uv": [0, 12, 2, 14], "texture": "#up", "cullface": "up"}
			}
		},
		{
			"from": [0, 16.00001, 14],
			"to": [2, 16.00001, 16],
			"rotation": {"angle": 0, "axis": "y", "origin": [2, 16, 2]},
			"faces": {
				"up": {"uv": [0, 14, 2, 16], "texture": "#up", "cullface": "up"}
			}
		},
		{
			"from": [2, 16.00001, 14],
			"to": [4, 16.00001, 16],
			"rotation": {"angle": 0, "axis": "y", "origin": [2, 16, 2]},
			"faces": {
				"up": {"uv": [2, 14, 4, 16], "texture": "#up", "cullface": "up"}
			}
		},
		{
			"from": [2, 16.00001, 12],
			"to": [4, 16.00001, 14],
			"rotation": {"angle": 0, "axis": "y", "origin": [2, 16, 2]},
			"faces": {
				"up": {"uv": [2, 12, 4, 14], "texture": "#up", "cullface": "up"}
			}
		},
		{
			"from": [0, 16.00001, 10],
			"to": [2, 16.00001, 12],
			"rotation": {"angle": 0, "axis": "y", "origin": [2, 16, 2]},
			"faces": {
				"up": {"uv": [0, 10, 2, 12], "texture": "#up", "cullface": "up"}
			}
		},
		{
			"from": [2, 16.00001, 10],
			"to": [4, 16.00001, 12],
			"rotation": {"angle": 0, "axis": "y", "origin": [2, 16, 2]},
			"faces": {
				"up": {"uv": [2, 10, 4, 12], "texture": "#up", "cullface": "up"}
			}
		},
		{
			"from": [2, 16.00001, 8],
			"to": [4, 16.00001, 10],
			"rotation": {"angle": 0, "axis": "y", "origin": [2, 16, 2]},
			"faces": {
				"up": {"uv": [2, 8, 4, 10], "texture": "#up", "cullface": "up"}
			}
		},
		{
			"from": [0, 16.00001, 8],
			"to": [2, 16.00001, 10],
			"rotation": {"angle": 0, "axis": "y", "origin": [2, 16, 2]},
			"faces": {
				"up": {"uv": [0, 8, 2, 10], "texture": "#up", "cullface": "up"}
			}
		},
		{
			"from": [4, 16.00001, 8],
			"to": [6, 16.00001, 10],
			"rotation": {"angle": 0, "axis": "y", "origin": [2, 16, 2]},
			"faces": {
				"up": {"uv": [4, 8, 6, 10], "texture": "#up", "cullface": "up"}
			}
		},
		{
			"from": [4, 16.00001, 10],
			"to": [6, 16.00001, 12],
			"rotation": {"angle": 0, "axis": "y", "origin": [2, 16, 2]},
			"faces": {
				"up": {"uv": [4, 10, 6, 12], "texture": "#up", "cullface": "up"}
			}
		},
		{
			"from": [6, 16.00001, 10],
			"to": [8, 16.00001, 12],
			"rotation": {"angle": 0, "axis": "y", "origin": [2, 16, 2]},
			"faces": {
				"up": {"uv": [6, 10, 8, 12], "texture": "#up", "cullface": "up"}
			}
		},
		{
			"from": [6, 16.00001, 8],
			"to": [8, 16.00001, 10],
			"rotation": {"angle": 0, "axis": "y", "origin": [2, 16, 2]},
			"faces": {
				"up": {"uv": [6, 8, 8, 10], "texture": "#up", "cullface": "up"}
			}
		},
		{
			"from": [4, 16.00001, 12],
			"to": [6, 16.00001, 14],
			"rotation": {"angle": 0, "axis": "y", "origin": [2, 16, 2]},
			"faces": {
				"up": {"uv": [4, 12, 6, 14], "texture": "#up", "cullface": "up"}
			}
		},
		{
			"from": [4, 16.00001, 14],
			"to": [6, 16.00001, 16],
			"rotation": {"angle": 0, "axis": "y", "origin": [2, 16, 2]},
			"faces": {
				"up": {"uv": [4, 14, 6, 16], "texture": "#up", "cullface": "up"}
			}
		},
		{
			"from": [6, 16.00001, 14],
			"to": [8, 16.00001, 16],
			"rotation": {"angle": 0, "axis": "y", "origin": [2, 16, 2]},
			"faces": {
				"up": {"uv": [6, 14, 8, 16], "texture": "#up", "cullface": "up"}
			}
		},
		{
			"from": [6, 16.00001, 12],
			"to": [8, 16.00001, 14],
			"rotation": {"angle": 0, "axis": "y", "origin": [2, 16, 2]},
			"faces": {
				"up": {"uv": [6, 12, 8, 14], "texture": "#up", "cullface": "up"}
			}
		},
		{
			"from": [8, 16.00001, 12],
			"to": [10, 16.00001, 14],
			"rotation": {"angle": 0, "axis": "y", "origin": [2, 16, 2]},
			"faces": {
				"up": {"uv": [8, 12, 10, 14], "texture": "#up", "cullface": "up"}
			}
		},
		{
			"from": [8, 16.00001, 14],
			"to": [10, 16.00001, 16],
			"rotation": {"angle": 0, "axis": "y", "origin": [2, 16, 2]},
			"faces": {
				"up": {"uv": [8, 14, 10, 16], "texture": "#up", "cullface": "up"}
			}
		},
		{
			"from": [10, 16.00001, 14],
			"to": [12, 16.00001, 16],
			"rotation": {"angle": 0, "axis": "y", "origin": [2, 16, 2]},
			"faces": {
				"up": {"uv": [10, 14, 12, 16], "texture": "#up", "cullface": "up"}
			}
		},
		{
			"from": [10, 16.00001, 12],
			"to": [12, 16.00001, 14],
			"rotation": {"angle": 0, "axis": "y", "origin": [2, 16, 2]},
			"faces": {
				"up": {"uv": [10, 12, 12, 14], "texture": "#up", "cullface": "up"}
			}
		},
		{
			"from": [8, 16.00001, 10],
			"to": [10, 16.00001, 12],
			"rotation": {"angle": 0, "axis": "y", "origin": [2, 16, 2]},
			"faces": {
				"up": {"uv": [8, 10, 10, 12], "texture": "#up", "cullface": "up"}
			}
		},
		{
			"from": [10, 16.00001, 10],
			"to": [12, 16.00001, 12],
			"rotation": {"angle": 0, "axis": "y", "origin": [2, 16, 2]},
			"faces": {
				"up": {"uv": [10, 10, 12, 12], "texture": "#up", "cullface": "up"}
			}
		},
		{
			"from": [10, 16.00001, 8],
			"to": [12, 16.00001, 10],
			"rotation": {"angle": 0, "axis": "y", "origin": [2, 16, 2]},
			"faces": {
				"up": {"uv": [10, 8, 12, 10], "texture": "#up", "cullface": "up"}
			}
		},
		{
			"from": [8, 16.00001, 8],
			"to": [10, 16.00001, 10],
			"rotation": {"angle": 0, "axis": "y", "origin": [2, 16, 2]},
			"faces": {
				"up": {"uv": [8, 8, 10, 10], "texture": "#up", "cullface": "up"}
			}
		},
		{
			"from": [12, 16.00001, 8],
			"to": [14, 16.00001, 10],
			"rotation": {"angle": 0, "axis": "y", "origin": [2, 16, 2]},
			"faces": {
				"up": {"uv": [12, 8, 14, 10], "texture": "#up", "cullface": "up"}
			}
		},
		{
			"from": [12, 16.00001, 10],
			"to": [14, 16.00001, 12],
			"rotation": {"angle": 0, "axis": "y", "origin": [2, 16, 2]},
			"faces": {
				"up": {"uv": [12, 10, 14, 12], "texture": "#up", "cullface": "up"}
			}
		},
		{
			"from": [14, 16.00001, 10],
			"to": [16, 16.00001, 12],
			"rotation": {"angle": 0, "axis": "y", "origin": [2, 16, 2]},
			"faces": {
				"up": {"uv": [14, 10, 16, 12], "texture": "#up", "cullface": "up"}
			}
		},
		{
			"from": [14, 16.00001, 8],
			"to": [16, 16.00001, 10],
			"rotation": {"angle": 0, "axis": "y", "origin": [2, 16, 2]},
			"faces": {
				"up": {"uv": [14, 8, 16, 10], "texture": "#up", "cullface": "up"}
			}
		},
		{
			"from": [12, 16.00001, 12],
			"to": [14, 16.00001, 14],
			"rotation": {"angle": 0, "axis": "y", "origin": [2, 16, 2]},
			"faces": {
				"up": {"uv": [12, 12, 14, 14], "texture": "#up", "cullface": "up"}
			}
		},
		{
			"from": [12, 16.00001, 14],
			"to": [14, 16.00001, 16],
			"rotation": {"angle": 0, "axis": "y", "origin": [2, 16, 2]},
			"faces": {
				"up": {"uv": [12, 14, 14, 16], "texture": "#up", "cullface": "up"}
			}
		},
		{
			"from": [14, 16.00001, 14],
			"to": [16, 16.00001, 16],
			"rotation": {"angle": 0, "axis": "y", "origin": [2, 16, 2]},
			"faces": {
				"up": {"uv": [14, 14, 16, 16], "texture": "#up", "cullface": "up"}
			}
		},
		{
			"from": [14, 16.00001, 12],
			"to": [16, 16.00001, 14],
			"rotation": {"angle": 0, "axis": "y", "origin": [2, 16, 2]},
			"faces": {
				"up": {"uv": [14, 12, 16, 14], "texture": "#up", "cullface": "up"}
			}
		},
		{
			"from": [8, 16.00001, 4],
			"to": [10, 16.00001, 6],
			"rotation": {"angle": 0, "axis": "y", "origin": [2, 16, 2]},
			"faces": {
				"up": {"uv": [8, 4, 10, 6], "texture": "#up", "cullface": "up"}
			}
		},
		{
			"from": [8, 16.00001, 6],
			"to": [10, 16.00001, 8],
			"rotation": {"angle": 0, "axis": "y", "origin": [2, 16, 2]},
			"faces": {
				"up": {"uv": [8, 6, 10, 8], "texture": "#up", "cullface": "up"}
			}
		},
		{
			"from": [10, 16.00001, 6],
			"to": [12, 16.00001, 8],
			"rotation": {"angle": 0, "axis": "y", "origin": [2, 16, 2]},
			"faces": {
				"up": {"uv": [10, 6, 12, 8], "texture": "#up", "cullface": "up"}
			}
		},
		{
			"from": [10, 16.00001, 4],
			"to": [12, 16.00001, 6],
			"rotation": {"angle": 0, "axis": "y", "origin": [2, 16, 2]},
			"faces": {
				"up": {"uv": [10, 4, 12, 6], "texture": "#up", "cullface": "up"}
			}
		},
		{
			"from": [8, 16.00001, 2],
			"to": [10, 16.00001, 4],
			"rotation": {"angle": 0, "axis": "y", "origin": [2, 16, 2]},
			"faces": {
				"up": {"uv": [8, 2, 10, 4], "texture": "#up", "cullface": "up"}
			}
		},
		{
			"from": [10, 16.00001, 2],
			"to": [12, 16.00001, 4],
			"rotation": {"angle": 0, "axis": "y", "origin": [2, 16, 2]},
			"faces": {
				"up": {"uv": [10, 2, 12, 4], "texture": "#up", "cullface": "up"}
			}
		},
		{
			"from": [10, 16.00001, 0],
			"to": [12, 16.00001, 2],
			"rotation": {"angle": 0, "axis": "y", "origin": [2, 16, 2]},
			"faces": {
				"up": {"uv": [10, 0, 12, 2], "texture": "#up", "cullface": "up"}
			}
		},
		{
			"from": [8, 16.00001, 0],
			"to": [10, 16.00001, 2],
			"rotation": {"angle": 0, "axis": "y", "origin": [2, 16, 2]},
			"faces": {
				"up": {"uv": [8, 0, 10, 2], "texture": "#up", "cullface": "up"}
			}
		},
		{
			"from": [12, 16.00001, 0],
			"to": [14, 16.00001, 2],
			"rotation": {"angle": 0, "axis": "y", "origin": [2, 16, 2]},
			"faces": {
				"up": {"uv": [12, 0, 14, 2], "texture": "#up", "cullface": "up"}
			}
		},
		{
			"from": [12, 16.00001, 2],
			"to": [14, 16.00001, 4],
			"rotation": {"angle": 0, "axis": "y", "origin": [2, 16, 2]},
			"faces": {
				"up": {"uv": [12, 2, 14, 4], "texture": "#up", "cullface": "up"}
			}
		},
		{
			"from": [14, 16.00001, 2],
			"to": [16, 16.00001, 4],
			"rotation": {"angle": 0, "axis": "y", "origin": [2, 16, 2]},
			"faces": {
				"up": {"uv": [14, 2, 16, 4], "texture": "#up", "cullface": "up"}
			}
		},
		{
			"from": [14, 16.00001, 0],
			"to": [16, 16.00001, 2],
			"rotation": {"angle": 0, "axis": "y", "origin": [2, 16, 2]},
			"faces": {
				"up": {"uv": [14, 0, 16, 2], "texture": "#up", "cullface": "up"}
			}
		},
		{
			"from": [12, 16.00001, 4],
			"to": [14, 16.00001, 6],
			"rotation": {"angle": 0, "axis": "y", "origin": [2, 16, 2]},
			"faces": {
				"up": {"uv": [12, 4, 14, 6], "texture": "#up", "cullface": "up"}
			}
		},
		{
			"from": [12, 16.00001, 6],
			"to": [14, 16.00001, 8],
			"rotation": {"angle": 0, "axis": "y", "origin": [2, 16, 2]},
			"faces": {
				"up": {"uv": [12, 6, 14, 8], "texture": "#up", "cullface": "up"}
			}
		},
		{
			"from": [14, 16.00001, 6],
			"to": [16, 16.00001, 8],
			"rotation": {"angle": 0, "axis": "y", "origin": [2, 16, 2]},
			"faces": {
				"up": {"uv": [14, 6, 16, 8], "texture": "#up", "cullface": "up"}
			}
		},
		{
			"from": [14, 16.00001, 4],
			"to": [16, 16.00001, 6],
			"rotation": {"angle": 0, "axis": "y", "origin": [2, 16, 2]},
			"faces": {
				"up": {"uv": [14, 4, 16, 6], "texture": "#up", "cullface": "up"}
			}
		},
		{
			"from": [0, 16.00001, 4],
			"to": [2, 16.00001, 6],
			"rotation": {"angle": 0, "axis": "y", "origin": [2, 16, 2]},
			"faces": {
				"up": {"uv": [0, 4, 2, 6], "texture": "#up", "cullface": "up"}
			}
		},
		{
			"from": [0, 16.00001, 6],
			"to": [2, 16.00001, 8],
			"rotation": {"angle": 0, "axis": "y", "origin": [2, 16, 2]},
			"faces": {
				"up": {"uv": [0, 6, 2, 8], "texture": "#up", "cullface": "up"}
			}
		},
		{
			"from": [2, 16.00001, 6],
			"to": [4, 16.00001, 8],
			"rotation": {"angle": 0, "axis": "y", "origin": [2, 16, 2]},
			"faces": {
				"up": {"uv": [2, 6, 4, 8], "texture": "#up", "cullface": "up"}
			}
		},
		{
			"from": [2, 16.00001, 4],
			"to": [4, 16.00001, 6],
			"rotation": {"angle": 0, "axis": "y", "origin": [2, 16, 2]},
			"faces": {
				"up": {"uv": [2, 4, 4, 6], "texture": "#up", "cullface": "up"}
			}
		},
		{
			"from": [0, 16.00001, 2],
			"to": [2, 16.00001, 4],
			"rotation": {"angle": 0, "axis": "y", "origin": [2, 16, 2]},
			"faces": {
				"up": {"uv": [0, 2, 2, 4], "texture": "#up", "cullface": "up"}
			}
		},
		{
			"from": [2, 16.00001, 2],
			"to": [4, 16.00001, 4],
			"rotation": {"angle": 0, "axis": "y", "origin": [2, 16, 2]},
			"faces": {
				"up": {"uv": [2, 2, 4, 4], "texture": "#up", "cullface": "up"}
			}
		},
		{
			"from": [2, 16.00001, 0],
			"to": [4, 16.00001, 2],
			"rotation": {"angle": 0, "axis": "y", "origin": [2, 16, 2]},
			"faces": {
				"up": {"uv": [2, 0, 4, 2], "texture": "#up", "cullface": "up"}
			}
		},
		{
			"from": [0, 16.00001, 0],
			"to": [2, 16.00001, 2],
			"rotation": {"angle": 0, "axis": "y", "origin": [2, 16, 2]},
			"faces": {
				"up": {"uv": [0, 0, 2, 2], "texture": "#up", "cullface": "up"}
			}
		},
		{
			"from": [4, 16.00001, 0],
			"to": [6, 16.00001, 2],
			"rotation": {"angle": 0, "axis": "y", "origin": [2, 16, 2]},
			"faces": {
				"up": {"uv": [4, 0, 6, 2], "texture": "#up", "cullface": "up"}
			}
		},
		{
			"from": [4, 16.00001, 2],
			"to": [6, 16.00001, 4],
			"rotation": {"angle": 0, "axis": "y", "origin": [2, 16, 2]},
			"faces": {
				"up": {"uv": [4, 2, 6, 4], "texture": "#up", "cullface": "up"}
			}
		},
		{
			"from": [6, 16.00001, 2],
			"to": [8, 16.00001, 4],
			"rotation": {"angle": 0, "axis": "y", "origin": [2, 16, 2]},
			"faces": {
				"up": {"uv": [6, 2, 8, 4], "texture": "#up", "cullface": "up"}
			}
		},
		{
			"from": [6, 16.00001, 0],
			"to": [8, 16.00001, 2],
			"rotation": {"angle": 0, "axis": "y", "origin": [2, 16, 2]},
			"faces": {
				"up": {"uv": [6, 0, 8, 2], "texture": "#up", "cullface": "up"}
			}
		},
		{
			"from": [4, 16.00001, 4],
			"to": [6, 16.00001, 6],
			"rotation": {"angle": 0, "axis": "y", "origin": [2, 16, 2]},
			"faces": {
				"up": {"uv": [4, 4, 6, 6], "texture": "#up", "cullface": "up"}
			}
		},
		{
			"from": [4, 16.00001, 6],
			"to": [6, 16.00001, 8],
			"rotation": {"angle": 0, "axis": "y", "origin": [2, 16, 2]},
			"faces": {
				"up": {"uv": [4, 6, 6, 8], "texture": "#up", "cullface": "up"}
			}
		},
		{
			"from": [6, 16.00001, 6],
			"to": [8, 16.00001, 8],
			"rotation": {"angle": 0, "axis": "y", "origin": [2, 16, 2]},
			"faces": {
				"up": {"uv": [6, 6, 8, 8], "texture": "#up", "cullface": "up"}
			}
		},
		{
			"from": [6, 16.00001, 4],
			"to": [8, 16.00001, 6],
			"rotation": {"angle": 0, "axis": "y", "origin": [2, 16, 2]},
			"faces": {
				"up": {"uv": [6, 4, 8, 6], "texture": "#up", "cullface": "up"}
			}
		}
	],
	"groups": [
		0,
		{
			"name": "group",
			"origin": [8, 1, 8],
			"color": 0,
			"nbt": "{}",
			"children": [
				{
					"name": "group",
					"origin": [8, 16.00001, 0.00001],
					"color": 0,
					"nbt": "{}",
					"children": [1, 2, 3, 4, 5, 6, 7, 8]
				},
				{
					"name": "group",
					"origin": [8, 16.00001, 0.00001],
					"color": 0,
					"nbt": "{}",
					"children": [9, 10, 11, 12, 13, 14, 15, 16]
				},
				{
					"name": "group",
					"origin": [8, 16.00001, 0.00001],
					"color": 0,
					"nbt": "{}",
					"children": [17, 18, 19, 20, 21, 22, 23, 24]
				},
				{
					"name": "group",
					"origin": [8, 16.00001, 0.00001],
					"color": 0,
					"nbt": "{}",
					"children": [25, 26, 27, 28, 29, 30, 31, 32]
				}
			]
		},
		{
			"name": "group",
			"origin": [2, 16, 2],
			"color": 0,
			"nbt": "{}",
			"children": [
				{
					"name": "group",
					"origin": [2, 16, 2],
					"color": 0,
					"nbt": "{}",
					"children": [33, 34, 35, 36, 37, 38, 39, 40, 41, 42, 43, 44, 45, 46, 47, 48]
				},
				{
					"name": "group",
					"origin": [2, 16, 2],
					"color": 0,
					"nbt": "{}",
					"children": [49, 50, 51, 52, 53, 54, 55, 56, 57, 58, 59, 60, 61, 62, 63, 64]
				},
				{
					"name": "group",
					"origin": [2, 16, 2],
					"color": 0,
					"nbt": "{}",
					"children": [65, 66, 67, 68, 69, 70, 71, 72, 73, 74, 75, 76, 77, 78, 79, 80]
				},
				{
					"name": "group",
					"origin": [2, 16, 2],
					"color": 0,
					"nbt": "{}",
					"children": [81, 82, 83, 84, 85, 86, 87, 88, 89, 90, 91, 92, 93, 94, 95, 96]
				}
			]
		}
	]
}