{
	"credit": "Made with Blockbench",
	"textures": {
		"0": "block/chest",
		"particle": "block/chest",
		"gui": "item/chest"
	},
	"elements": [
		{
			"from": [1, 0, 1],
			"to": [15, 10, 15],
			"faces": {
				"north": {"uv": [14, 10.75, 10.5, 8.25], "texture": "#0"},
				"east": {"uv": [10.5, 10.75, 7, 8.25], "texture": "#0"},
				"south": {"uv": [7, 10.75, 3.5, 8.25], "texture": "#0"},
				"west": {"uv": [3.5, 10.75, 0, 8.25], "texture": "#0"},
				"down": {"uv": [7, 8.25, 3.5, 4.75], "texture": "#0"}
			}
		},
		{
			"from": [1, 9, 1],
			"to": [15, 14, 15],
			"faces": {
				"north": {"uv": [14, 4.75, 10.5, 3.5], "texture": "#0"},
				"east": {"uv": [10.5, 4.75, 7, 3.5], "texture": "#0"},
				"south": {"uv": [7, 4.75, 3.5, 3.5], "texture": "#0"},
				"west": {"uv": [3.5, 4.75, 0, 3.5], "texture": "#0"},
				"up": {"uv": [10.5, 0, 7, 3.5], "texture": "#0"}
			}
		},
		{
			"from": [7, 7, 0],
			"to": [9, 11, 1],
			"faces": {
				"north": {"uv": [1.5, 1.25, 1, 0.25], "texture": "#0"},
				"east": {"uv": [0.75, 1.25, 0.5, 0.25], "texture": "#0"},
				"west": {"uv": [1, 1.25, 0.75, 0.25], "texture": "#0"},
				"up": {"uv": [1.25, 0.25, 0.75, 0], "texture": "#0"},
				"down": {"uv": [0.75, 0.25, 0.25, 0], "texture": "#0"}
			}
		},
		{
			"from": [0, 0, 32],
			"to": [16, 16, 32],
			"color": 0,
			"faces": {
				"south": {"uv": [0, 0, 16, 16], "texture": "#gui"}
			}
		}
	],
	"gui_light": "front",
	"display": {
		"thirdperson_righthand": {
			"rotation": [75, 45, 0],
			"translation": [0, 2.5, 0],
			"scale": [0.375, 0.375, 0.375]
		},
		"thirdperson_lefthand": {
			"rotation": [75, 45, 0],
			"translation": [0, 2.5, 0],
			"scale": [0.375, 0.375, 0.375]
		},
		"firstperson_righthand": {
			"rotation": [0, 45, 0],
			"scale": [0.4, 0.4, 0.4]
		},
		"firstperson_lefthand": {
			"rotation": [0, 225, 0],
			"scale": [0.4, 0.4, 0.4]
		},
		"ground": {
			"translation": [0, 3, 0],
			"scale": [0.25, 0.25, 0.25]
		},
		"fixed": {
			"scale": [0.5, 0.5, 0.5]
		},
		"gui": {
			"rotation": [0, 0, 0],
			"translation": [0, 0, -23.5],
			"scale": [1, 1, 1]
		}
	}
}