{
	"credit": "Made with Blockbench",
	"parent": "block/block",
	"textures": {
		"3": "gui/advancements/features/adventure",
		"4": "gui/advancements/features/adventure2",
		"particle": "block/sculk_catalyst_top",
		"top": "block/sculk_catalyst_top",
		"side": "block/sculk_catalyst_side",
		"bottom": "block/sculk_catalyst_bottom"
	},
	"elements": [
		{
			"from": [0, 0, 0],
			"to": [16, 16, 16],
			"faces": {
				"north": {"uv": [0, 0, 16, 16], "texture": "#side"},
				"east": {"uv": [0, 0, 16, 16], "texture": "#side"},
				"south": {"uv": [0, 0, 16, 16], "texture": "#side"},
				"west": {"uv": [0, 0, 16, 16], "texture": "#side"},
				"up": {"uv": [0, 0, 16, 16], "texture": "#top"},
				"down": {"uv": [0, 0, 16, 16], "texture": "#bottom"}
			}
		},
		{
			"from": [8, 8, 8],
			"to": [8, 8, 8],
			"rotation": {"angle": 0, "axis": "y", "origin": [8, 8, 8]},
			"faces": {
				"up": {"uv": [0, 0, 16, 16], "texture": "#3"},
				"down": {"uv": [0, 0, 16, 16], "texture": "#4"}
			}
		}
	],
	"display": {}
}